{"@timestamp":"2026-05-11T13:49:35.5939653-05:00","@version":"1","level":"INFO","logger_name":"org.hibernate.validator.internal.util.Version","thread_name":"background-preinit","message":"HV000001: Hibernate Validator 9.0.1.Final"}
{"@timestamp":"2026-05-11T13:49:35.8730436-05:00","@version":"1","level":"INFO","logger_name":"com.sistema.facturacion2.Facturacion2Application","thread_name":"restartedMain","message":"Starting Facturacion2Application using Java 25 with PID 4444 (C:\\Users\\HP\\Downloads\\facturacion2\\facturacion2\\target\\classes started by HP in C:\\Users\\HP\\Downloads\\facturacion2\\facturacion2)"}
{"@timestamp":"2026-05-11T13:49:35.8760498-05:00","@version":"1","level":"INFO","logger_name":"com.sistema.facturacion2.Facturacion2Application","thread_name":"restartedMain","message":"No active profile set, falling back to 1 default profile: \"default\""}
{"@timestamp":"2026-05-11T13:49:36.1150635-05:00","@version":"1","level":"INFO","logger_name":"org.springframework.boot.devtools.env.DevToolsPropertyDefaultsPostProcessor","thread_name":"restartedMain","message":"Devtools property defaults active! Set 'spring.devtools.add-properties' to 'false' to disable"}
{"@timestamp":"2026-05-11T13:49:36.1160589-05:00","@version":"1","level":"INFO","logger_name":"org.springframework.boot.devtools.env.DevToolsPropertyDefaultsPostProcessor","thread_name":"restartedMain","message":"For additional web related logging consider setting the 'logging.level.web' property to 'DEBUG'"}
{"@timestamp":"2026-05-11T13:49:38.4932381-05:00","@version":"1","level":"INFO","logger_name":"org.springframework.data.repository.config.RepositoryConfigurationDelegate","thread_name":"restartedMain","message":"Bootstrapping Spring Data JPA repositories in DEFAULT mode."}
{"@timestamp":"2026-05-11T13:49:38.6762533-05:00","@version":"1","level":"INFO","logger_name":"org.springframework.data.repository.config.RepositoryConfigurationDelegate","thread_name":"restartedMain","message":"Finished Spring Data repository scanning in 165 ms. Found 5 JPA repository interfaces."}
{"@timestamp":"2026-05-11T13:49:40.0353625-05:00","@version":"1","level":"INFO","logger_name":"org.springframework.boot.tomcat.TomcatWebServer","thread_name":"restartedMain","message":"Tomcat initialized with port 8080 (http)"}
{"@timestamp":"2026-05-11T13:49:40.060365-05:00","@version":"1","level":"INFO","logger_name":"org.apache.coyote.http11.Http11NioProtocol","thread_name":"restartedMain","message":"Initializing ProtocolHandler [\"http-nio-8080\"]"}
{"@timestamp":"2026-05-11T13:49:40.0653691-05:00","@version":"1","level":"INFO","logger_name":"org.apache.catalina.core.StandardService","thread_name":"restartedMain","message":"Starting service [Tomcat]"}
{"@timestamp":"2026-05-11T13:49:40.0663674-05:00","@version":"1","level":"INFO","logger_name":"org.apache.catalina.core.StandardEngine","thread_name":"restartedMain","message":"Starting Servlet engine: [Apache Tomcat/11.0.18]"}
{"@timestamp":"2026-05-11T13:49:40.1803769-05:00","@version":"1","level":"INFO","logger_name":"org.springframework.boot.web.context.servlet.WebApplicationContextInitializer","thread_name":"restartedMain","message":"Root WebApplicationContext: initialization completed in 4062 ms"}
{"@timestamp":"2026-05-11T13:49:40.6294084-05:00","@version":"1","level":"INFO","logger_name":"com.zaxxer.hikari.HikariDataSource","thread_name":"restartedMain","message":"HikariPool-1 - Starting..."}
{"@timestamp":"2026-05-11T13:49:40.9814325-05:00","@version":"1","level":"INFO","logger_name":"com.zaxxer.hikari.pool.HikariPool","thread_name":"restartedMain","message":"HikariPool-1 - Added connection com.mysql.cj.jdbc.ConnectionImpl@164b8f1f"}
{"@timestamp":"2026-05-11T13:49:40.9854367-05:00","@version":"1","level":"INFO","logger_name":"com.zaxxer.hikari.HikariDataSource","thread_name":"restartedMain","message":"HikariPool-1 - Start completed."}
{"@timestamp":"2026-05-11T13:49:41.0804335-05:00","@version":"1","level":"INFO","logger_name":"org.flywaydb.core.FlywayExecutor","thread_name":"restartedMain","message":"Database: jdbc:mysql://localhost:3306/sistema_facturacion2?useSSL=false&serverTimezone=America/Bogota&allowPublicKeyRetrieval=true&createDatabaseIfNotExist=true&disabledAuthenticationPlugins=mysql_native_password (MySQL 8.4)"}
{"@timestamp":"2026-05-11T13:49:41.1174433-05:00","@version":"1","level":"WARN","logger_name":"org.flywaydb.core.internal.database.base.Database","thread_name":"restartedMain","message":"Using MySQL 8.4 which is newer than the version Flyway has been verified with. The latest verified version of MySQL is 8.1."}
{"@timestamp":"2026-05-11T13:49:41.2234524-05:00","@version":"1","level":"INFO","logger_name":"org.flywaydb.core.internal.command.DbValidate","thread_name":"restartedMain","message":"Successfully validated 2 migrations (execution time 00:00.077s)"}
{"@timestamp":"2026-05-11T13:49:41.2524539-05:00","@version":"1","level":"INFO","logger_name":"org.flywaydb.core.internal.command.DbMigrate","thread_name":"restartedMain","message":"Current version of schema `sistema_facturacion2`: 2"}
{"@timestamp":"2026-05-11T13:49:41.2604536-05:00","@version":"1","level":"INFO","logger_name":"org.flywaydb.core.internal.command.DbMigrate","thread_name":"restartedMain","message":"Schema `sistema_facturacion2` is up to date. No migration necessary."}
{"@timestamp":"2026-05-11T13:49:41.4754698-05:00","@version":"1","level":"INFO","logger_name":"org.hibernate.orm.jpa","thread_name":"restartedMain","message":"HHH008540: Processing PersistenceUnitInfo [name: default]"}
{"@timestamp":"2026-05-11T13:49:41.6177945-05:00","@version":"1","level":"INFO","logger_name":"org.hibernate.orm.core","thread_name":"restartedMain","message":"HHH000001: Hibernate ORM core version 7.2.4.Final"}
{"@timestamp":"2026-05-11T13:49:42.5584795-05:00","@version":"1","level":"INFO","logger_name":"org.springframework.orm.jpa.persistenceunit.SpringPersistenceUnitInfo","thread_name":"restartedMain","message":"No LoadTimeWeaver setup: ignoring JPA class transformer"}
{"@timestamp":"2026-05-11T13:49:42.724415-05:00","@version":"1","level":"INFO","logger_name":"org.hibernate.orm.connections.pooling","thread_name":"restartedMain","message":"HHH10001005: Database info:\n\tDatabase JDBC URL [jdbc:mysql://localhost:3306/sistema_facturacion2?useSSL=false&serverTimezone=America/Bogota&allowPublicKeyRetrieval=true&createDatabaseIfNotExist=true&disabledAuthenticationPlugins=mysql_native_password]\n\tDatabase driver: MySQL Connector/J\n\tDatabase dialect: MySQLDialect\n\tDatabase version: 8.4.6\n\tDefault catalog/schema: sistema_facturacion2/undefined\n\tAutocommit mode: undefined/unknown\n\tIsolation level: REPEATABLE_READ [default REPEATABLE_READ]\n\tJDBC fetch size: none\n\tPool: DataSourceConnectionProvider\n\tMinimum pool size: undefined/unknown\n\tMaximum pool size: undefined/unknown"}
{"@timestamp":"2026-05-11T13:49:44.5554308-05:00","@version":"1","level":"INFO","logger_name":"org.hibernate.orm.core","thread_name":"restartedMain","message":"HHH000489: No JTA platform available (set 'hibernate.transaction.jta.platform' to enable JTA platform integration)"}
{"@timestamp":"2026-05-11T13:49:44.6310471-05:00","@version":"1","level":"INFO","logger_name":"org.springframework.orm.jpa.LocalContainerEntityManagerFactoryBean","thread_name":"restartedMain","message":"Initialized JPA EntityManagerFactory for persistence unit 'default'"}
{"@timestamp":"2026-05-11T13:49:44.7640219-05:00","@version":"1","level":"INFO","logger_name":"org.springframework.data.jpa.repository.query.QueryEnhancerFactories","thread_name":"restartedMain","message":"Hibernate is in classpath; If applicable, HQL parser will be used."}
{"@timestamp":"2026-05-11T13:49:46.1682876-05:00","@version":"1","level":"INFO","logger_name":"org.springframework.security.config.annotation.authentication.configuration.InitializeAuthenticationProviderBeanManagerConfigurer$InitializeAuthenticationProviderManagerConfigurer","thread_name":"restartedMain","message":"Global AuthenticationManager configured with AuthenticationProvider bean with name authenticationProvider"}
{"@timestamp":"2026-05-11T13:49:46.170288-05:00","@version":"1","level":"WARN","logger_name":"org.springframework.security.config.annotation.authentication.configuration.InitializeUserDetailsBeanManagerConfigurer$InitializeUserDetailsManagerConfigurer","thread_name":"restartedMain","message":"Global AuthenticationManager configured with an AuthenticationProvider bean. UserDetailsService beans will not be used by Spring Security for automatically configuring username/password login. Consider removing the AuthenticationProvider bean. Alternatively, consider using the UserDetailsService in a manually instantiated DaoAuthenticationProvider. If the current configuration is intentional, to turn off this warning, increase the logging level of 'org.springframework.security.config.annotation.authentication.configuration.InitializeUserDetailsBeanManagerConfigurer' to ERROR"}
{"@timestamp":"2026-05-11T13:49:47.214019-05:00","@version":"1","level":"DEBUG","logger_name":"org.springframework.security.web.DefaultSecurityFilterChain","thread_name":"restartedMain","message":"Will secure any request with filters: DisableEncodeUrlFilter, WebAsyncManagerIntegrationFilter, SecurityContextHolderFilter, HeaderWriterFilter, CorsFilter, LogoutFilter, JwtAuthenticationFilter, RequestCacheAwareFilter, SecurityContextHolderAwareRequestFilter, AnonymousAuthenticationFilter, SessionManagementFilter, ExceptionTranslationFilter, AuthorizationFilter"}
{"@timestamp":"2026-05-11T13:49:48.0139265-05:00","@version":"1","level":"INFO","logger_name":"org.apache.coyote.http11.Http11NioProtocol","thread_name":"restartedMain","message":"Starting ProtocolHandler [\"http-nio-8080\"]"}
{"@timestamp":"2026-05-11T13:49:48.0462055-05:00","@version":"1","level":"INFO","logger_name":"org.springframework.boot.tomcat.TomcatWebServer","thread_name":"restartedMain","message":"Tomcat started on port 8080 (http) with context path '/api'"}
{"@timestamp":"2026-05-11T13:49:48.057205-05:00","@version":"1","level":"INFO","logger_name":"com.sistema.facturacion2.Facturacion2Application","thread_name":"restartedMain","message":"Started Facturacion2Application in 13.897 seconds (process running for 15.139)"}
{"@timestamp":"2026-05-11T13:54:01.7403749-05:00","@version":"1","level":"INFO","logger_name":"org.springframework.boot.tomcat.GracefulShutdown","thread_name":"SpringApplicationShutdownHook","message":"Commencing graceful shutdown. Waiting for active requests to complete"}
{"@timestamp":"2026-05-11T13:54:01.8003648-05:00","@version":"1","level":"INFO","logger_name":"org.springframework.boot.tomcat.GracefulShutdown","thread_name":"tomcat-shutdown","message":"Graceful shutdown complete"}
{"@timestamp":"2026-05-11T13:54:01.8103653-05:00","@version":"1","level":"INFO","logger_name":"org.springframework.orm.jpa.LocalContainerEntityManagerFactoryBean","thread_name":"SpringApplicationShutdownHook","message":"Closing JPA EntityManagerFactory for persistence unit 'default'"}
{"@timestamp":"2026-05-11T13:54:01.8153742-05:00","@version":"1","level":"INFO","logger_name":"com.zaxxer.hikari.HikariDataSource","thread_name":"SpringApplicationShutdownHook","message":"HikariPool-1 - Shutdown initiated..."}
{"@timestamp":"2026-05-11T13:54:02.0081898-05:00","@version":"1","level":"INFO","logger_name":"com.zaxxer.hikari.HikariDataSource","thread_name":"SpringApplicationShutdownHook","message":"HikariPool-1 - Shutdown completed."}
{"@timestamp":"2026-05-11T14:00:37.4707103-05:00","@version":"1","level":"INFO","logger_name":"org.hibernate.validator.internal.util.Version","thread_name":"background-preinit","message":"HV000001: Hibernate Validator 9.0.1.Final"}
{"@timestamp":"2026-05-11T14:00:37.5487146-05:00","@version":"1","level":"INFO","logger_name":"com.sistema.facturacion2.Facturacion2Application","thread_name":"restartedMain","message":"Starting Facturacion2Application using Java 25 with PID 9232 (C:\\Users\\HP\\Downloads\\facturacion2\\facturacion2\\target\\classes started by HP in C:\\Users\\HP\\Downloads\\facturacion2\\facturacion2)"}
{"@timestamp":"2026-05-11T14:00:37.5507165-05:00","@version":"1","level":"INFO","logger_name":"com.sistema.facturacion2.Facturacion2Application","thread_name":"restartedMain","message":"No active profile set, falling back to 1 default profile: \"default\""}
{"@timestamp":"2026-05-11T14:00:37.6847218-05:00","@version":"1","level":"INFO","logger_name":"org.springframework.boot.devtools.env.DevToolsPropertyDefaultsPostProcessor","thread_name":"restartedMain","message":"Devtools property defaults active! Set 'spring.devtools.add-properties' to 'false' to disable"}
{"@timestamp":"2026-05-11T14:00:37.6847218-05:00","@version":"1","level":"INFO","logger_name":"org.springframework.boot.devtools.env.DevToolsPropertyDefaultsPostProcessor","thread_name":"restartedMain","message":"For additional web related logging consider setting the 'logging.level.web' property to 'DEBUG'"}
{"@timestamp":"2026-05-11T14:00:39.7928356-05:00","@version":"1","level":"INFO","logger_name":"org.springframework.data.repository.config.RepositoryConfigurationDelegate","thread_name":"restartedMain","message":"Bootstrapping Spring Data JPA repositories in DEFAULT mode."}
{"@timestamp":"2026-05-11T14:00:39.9368414-05:00","@version":"1","level":"INFO","logger_name":"org.springframework.data.repository.config.RepositoryConfigurationDelegate","thread_name":"restartedMain","message":"Finished Spring Data repository scanning in 127 ms. Found 5 JPA repository interfaces."}
{"@timestamp":"2026-05-11T14:00:41.1809072-05:00","@version":"1","level":"INFO","logger_name":"org.springframework.boot.tomcat.TomcatWebServer","thread_name":"restartedMain","message":"Tomcat initialized with port 8080 (http)"}
{"@timestamp":"2026-05-11T14:00:41.2139062-05:00","@version":"1","level":"INFO","logger_name":"org.apache.coyote.http11.Http11NioProtocol","thread_name":"restartedMain","message":"Initializing ProtocolHandler [\"http-nio-8080\"]"}
{"@timestamp":"2026-05-11T14:00:41.2189105-05:00","@version":"1","level":"INFO","logger_name":"org.apache.catalina.core.StandardService","thread_name":"restartedMain","message":"Starting service [Tomcat]"}
{"@timestamp":"2026-05-11T14:00:41.219909-05:00","@version":"1","level":"INFO","logger_name":"org.apache.catalina.core.StandardEngine","thread_name":"restartedMain","message":"Starting Servlet engine: [Apache Tomcat/11.0.18]"}
{"@timestamp":"2026-05-11T14:00:41.3219189-05:00","@version":"1","level":"INFO","logger_name":"org.springframework.boot.web.context.servlet.WebApplicationContextInitializer","thread_name":"restartedMain","message":"Root WebApplicationContext: initialization completed in 3635 ms"}
{"@timestamp":"2026-05-11T14:00:41.7849426-05:00","@version":"1","level":"INFO","logger_name":"com.zaxxer.hikari.HikariDataSource","thread_name":"restartedMain","message":"HikariPool-1 - Starting..."}
{"@timestamp":"2026-05-11T14:00:42.088954-05:00","@version":"1","level":"INFO","logger_name":"com.zaxxer.hikari.pool.HikariPool","thread_name":"restartedMain","message":"HikariPool-1 - Added connection com.mysql.cj.jdbc.ConnectionImpl@2da8e768"}
{"@timestamp":"2026-05-11T14:00:42.0919576-05:00","@version":"1","level":"INFO","logger_name":"com.zaxxer.hikari.HikariDataSource","thread_name":"restartedMain","message":"HikariPool-1 - Start completed."}
{"@timestamp":"2026-05-11T14:00:42.1749583-05:00","@version":"1","level":"INFO","logger_name":"org.flywaydb.core.FlywayExecutor","thread_name":"restartedMain","message":"Database: jdbc:mysql://localhost:3306/sistema_facturacion2?useSSL=false&serverTimezone=America/Bogota&allowPublicKeyRetrieval=true&createDatabaseIfNotExist=true&disabledAuthenticationPlugins=mysql_native_password (MySQL 8.4)"}
{"@timestamp":"2026-05-11T14:00:42.1959615-05:00","@version":"1","level":"WARN","logger_name":"org.flywaydb.core.internal.database.base.Database","thread_name":"restartedMain","message":"Using MySQL 8.4 which is newer than the version Flyway has been verified with. The latest verified version of MySQL is 8.1."}
{"@timestamp":"2026-05-11T14:00:42.2769693-05:00","@version":"1","level":"INFO","logger_name":"org.flywaydb.core.internal.command.DbValidate","thread_name":"restartedMain","message":"Successfully validated 2 migrations (execution time 00:00.055s)"}
{"@timestamp":"2026-05-11T14:00:42.3149685-05:00","@version":"1","level":"INFO","logger_name":"org.flywaydb.core.internal.command.DbMigrate","thread_name":"restartedMain","message":"Current version of schema `sistema_facturacion2`: 2"}
{"@timestamp":"2026-05-11T14:00:42.3229706-05:00","@version":"1","level":"INFO","logger_name":"org.flywaydb.core.internal.command.DbMigrate","thread_name":"restartedMain","message":"Schema `sistema_facturacion2` is up to date. No migration necessary."}
{"@timestamp":"2026-05-11T14:00:42.5409775-05:00","@version":"1","level":"INFO","logger_name":"org.hibernate.orm.jpa","thread_name":"restartedMain","message":"HHH008540: Processing PersistenceUnitInfo [name: default]"}
{"@timestamp":"2026-05-11T14:00:42.6759861-05:00","@version":"1","level":"INFO","logger_name":"org.hibernate.orm.core","thread_name":"restartedMain","message":"HHH000001: Hibernate ORM core version 7.2.4.Final"}
{"@timestamp":"2026-05-11T14:00:43.6782731-05:00","@version":"1","level":"INFO","logger_name":"org.springframework.orm.jpa.persistenceunit.SpringPersistenceUnitInfo","thread_name":"restartedMain","message":"No LoadTimeWeaver setup: ignoring JPA class transformer"}
{"@timestamp":"2026-05-11T14:00:43.850281-05:00","@version":"1","level":"INFO","logger_name":"org.hibernate.orm.connections.pooling","thread_name":"restartedMain","message":"HHH10001005: Database info:\n\tDatabase JDBC URL [jdbc:mysql://localhost:3306/sistema_facturacion2?useSSL=false&serverTimezone=America/Bogota&allowPublicKeyRetrieval=true&createDatabaseIfNotExist=true&disabledAuthenticationPlugins=mysql_native_password]\n\tDatabase driver: MySQL Connector/J\n\tDatabase dialect: MySQLDialect\n\tDatabase version: 8.4.6\n\tDefault catalog/schema: sistema_facturacion2/undefined\n\tAutocommit mode: undefined/unknown\n\tIsolation level: REPEATABLE_READ [default REPEATABLE_READ]\n\tJDBC fetch size: none\n\tPool: DataSourceConnectionProvider\n\tMinimum pool size: undefined/unknown\n\tMaximum pool size: undefined/unknown"}
{"@timestamp":"2026-05-11T14:00:45.6770905-05:00","@version":"1","level":"INFO","logger_name":"org.hibernate.orm.core","thread_name":"restartedMain","message":"HHH000489: No JTA platform available (set 'hibernate.transaction.jta.platform' to enable JTA platform integration)"}
{"@timestamp":"2026-05-11T14:00:45.7463173-05:00","@version":"1","level":"INFO","logger_name":"org.springframework.orm.jpa.LocalContainerEntityManagerFactoryBean","thread_name":"restartedMain","message":"Initialized JPA EntityManagerFactory for persistence unit 'default'"}
{"@timestamp":"2026-05-11T14:00:45.8732636-05:00","@version":"1","level":"INFO","logger_name":"org.springframework.data.jpa.repository.query.QueryEnhancerFactories","thread_name":"restartedMain","message":"Hibernate is in classpath; If applicable, HQL parser will be used."}
{"@timestamp":"2026-05-11T14:00:47.2888842-05:00","@version":"1","level":"INFO","logger_name":"org.springframework.security.config.annotation.authentication.configuration.InitializeAuthenticationProviderBeanManagerConfigurer$InitializeAuthenticationProviderManagerConfigurer","thread_name":"restartedMain","message":"Global AuthenticationManager configured with AuthenticationProvider bean with name authenticationProvider"}
{"@timestamp":"2026-05-11T14:00:47.2898896-05:00","@version":"1","level":"WARN","logger_name":"org.springframework.security.config.annotation.authentication.configuration.InitializeUserDetailsBeanManagerConfigurer$InitializeUserDetailsManagerConfigurer","thread_name":"restartedMain","message":"Global AuthenticationManager configured with an AuthenticationProvider bean. UserDetailsService beans will not be used by Spring Security for automatically configuring username/password login. Consider removing the AuthenticationProvider bean. Alternatively, consider using the UserDetailsService in a manually instantiated DaoAuthenticationProvider. If the current configuration is intentional, to turn off this warning, increase the logging level of 'org.springframework.security.config.annotation.authentication.configuration.InitializeUserDetailsBeanManagerConfigurer' to ERROR"}
{"@timestamp":"2026-05-11T14:00:48.376686-05:00","@version":"1","level":"DEBUG","logger_name":"org.springframework.security.web.DefaultSecurityFilterChain","thread_name":"restartedMain","message":"Will secure any request with filters: DisableEncodeUrlFilter, WebAsyncManagerIntegrationFilter, SecurityContextHolderFilter, HeaderWriterFilter, CorsFilter, LogoutFilter, JwtAuthenticationFilter, RequestCacheAwareFilter, SecurityContextHolderAwareRequestFilter, AnonymousAuthenticationFilter, SessionManagementFilter, ExceptionTranslationFilter, AuthorizationFilter"}
{"@timestamp":"2026-05-11T14:00:49.1612401-05:00","@version":"1","level":"INFO","logger_name":"org.apache.coyote.http11.Http11NioProtocol","thread_name":"restartedMain","message":"Starting ProtocolHandler [\"http-nio-8080\"]"}
{"@timestamp":"2026-05-11T14:00:49.2118977-05:00","@version":"1","level":"INFO","logger_name":"org.springframework.boot.tomcat.TomcatWebServer","thread_name":"restartedMain","message":"Tomcat started on port 8080 (http) with context path '/api'"}
{"@timestamp":"2026-05-11T14:00:49.2219005-05:00","@version":"1","level":"INFO","logger_name":"com.sistema.facturacion2.Facturacion2Application","thread_name":"restartedMain","message":"Started Facturacion2Application in 13.036 seconds (process running for 14.349)"}
{"@timestamp":"2026-05-11T14:01:50.2820395-05:00","@version":"1","level":"INFO","logger_name":"org.springframework.boot.tomcat.GracefulShutdown","thread_name":"SpringApplicationShutdownHook","message":"Commencing graceful shutdown. Waiting for active requests to complete"}
{"@timestamp":"2026-05-11T14:01:50.3050409-05:00","@version":"1","level":"INFO","logger_name":"org.springframework.boot.tomcat.GracefulShutdown","thread_name":"tomcat-shutdown","message":"Graceful shutdown complete"}
{"@timestamp":"2026-05-11T14:01:50.3140346-05:00","@version":"1","level":"INFO","logger_name":"org.springframework.orm.jpa.LocalContainerEntityManagerFactoryBean","thread_name":"SpringApplicationShutdownHook","message":"Closing JPA EntityManagerFactory for persistence unit 'default'"}
{"@timestamp":"2026-05-11T14:01:50.3200378-05:00","@version":"1","level":"INFO","logger_name":"com.zaxxer.hikari.HikariDataSource","thread_name":"SpringApplicationShutdownHook","message":"HikariPool-1 - Shutdown initiated..."}
{"@timestamp":"2026-05-11T14:01:50.3360739-05:00","@version":"1","level":"INFO","logger_name":"com.zaxxer.hikari.HikariDataSource","thread_name":"SpringApplicationShutdownHook","message":"HikariPool-1 - Shutdown completed."}
{"@timestamp":"2026-05-11T14:01:57.0011137-05:00","@version":"1","level":"INFO","logger_name":"org.hibernate.validator.internal.util.Version","thread_name":"background-preinit","message":"HV000001: Hibernate Validator 9.0.1.Final"}
{"@timestamp":"2026-05-11T14:01:57.0631209-05:00","@version":"1","level":"INFO","logger_name":"com.sistema.facturacion2.Facturacion2Application","thread_name":"restartedMain","message":"Starting Facturacion2Application using Java 25 with PID 16604 (C:\\Users\\HP\\Downloads\\facturacion2\\facturacion2\\target\\classes started by HP in C:\\Users\\HP\\Downloads\\facturacion2\\facturacion2)"}
{"@timestamp":"2026-05-11T14:01:57.0661322-05:00","@version":"1","level":"INFO","logger_name":"com.sistema.facturacion2.Facturacion2Application","thread_name":"restartedMain","message":"No active profile set, falling back to 1 default profile: \"default\""}
{"@timestamp":"2026-05-11T14:01:57.1571258-05:00","@version":"1","level":"INFO","logger_name":"org.springframework.boot.devtools.env.DevToolsPropertyDefaultsPostProcessor","thread_name":"restartedMain","message":"Devtools property defaults active! Set 'spring.devtools.add-properties' to 'false' to disable"}
{"@timestamp":"2026-05-11T14:01:57.1581194-05:00","@version":"1","level":"INFO","logger_name":"org.springframework.boot.devtools.env.DevToolsPropertyDefaultsPostProcessor","thread_name":"restartedMain","message":"For additional web related logging consider setting the 'logging.level.web' property to 'DEBUG'"}
{"@timestamp":"2026-05-11T14:01:59.5587965-05:00","@version":"1","level":"INFO","logger_name":"org.springframework.data.repository.config.RepositoryConfigurationDelegate","thread_name":"restartedMain","message":"Bootstrapping Spring Data JPA repositories in DEFAULT mode."}
{"@timestamp":"2026-05-11T14:01:59.7068034-05:00","@version":"1","level":"INFO","logger_name":"org.springframework.data.repository.config.RepositoryConfigurationDelegate","thread_name":"restartedMain","message":"Finished Spring Data repository scanning in 131 ms. Found 5 JPA repository interfaces."}
{"@timestamp":"2026-05-11T14:02:00.9058667-05:00","@version":"1","level":"INFO","logger_name":"org.springframework.boot.tomcat.TomcatWebServer","thread_name":"restartedMain","message":"Tomcat initialized with port 8080 (http)"}
{"@timestamp":"2026-05-11T14:02:00.928867-05:00","@version":"1","level":"INFO","logger_name":"org.apache.coyote.http11.Http11NioProtocol","thread_name":"restartedMain","message":"Initializing ProtocolHandler [\"http-nio-8080\"]"}
{"@timestamp":"2026-05-11T14:02:00.9328651-05:00","@version":"1","level":"INFO","logger_name":"org.apache.catalina.core.StandardService","thread_name":"restartedMain","message":"Starting service [Tomcat]"}
{"@timestamp":"2026-05-11T14:02:00.9348637-05:00","@version":"1","level":"INFO","logger_name":"org.apache.catalina.core.StandardEngine","thread_name":"restartedMain","message":"Starting Servlet engine: [Apache Tomcat/11.0.18]"}
{"@timestamp":"2026-05-11T14:02:01.0398784-05:00","@version":"1","level":"INFO","logger_name":"org.springframework.boot.web.context.servlet.WebApplicationContextInitializer","thread_name":"restartedMain","message":"Root WebApplicationContext: initialization completed in 3878 ms"}
{"@timestamp":"2026-05-11T14:02:01.5069004-05:00","@version":"1","level":"INFO","logger_name":"com.zaxxer.hikari.HikariDataSource","thread_name":"restartedMain","message":"HikariPool-1 - Starting..."}
{"@timestamp":"2026-05-11T14:02:01.8039127-05:00","@version":"1","level":"INFO","logger_name":"com.zaxxer.hikari.pool.HikariPool","thread_name":"restartedMain","message":"HikariPool-1 - Added connection com.mysql.cj.jdbc.ConnectionImpl@93821c1"}
{"@timestamp":"2026-05-11T14:02:01.8069135-05:00","@version":"1","level":"INFO","logger_name":"com.zaxxer.hikari.HikariDataSource","thread_name":"restartedMain","message":"HikariPool-1 - Start completed."}
{"@timestamp":"2026-05-11T14:02:01.88191-05:00","@version":"1","level":"INFO","logger_name":"org.flywaydb.core.FlywayExecutor","thread_name":"restartedMain","message":"Database: jdbc:mysql://localhost:3306/sistema_facturacion2?useSSL=false&serverTimezone=America/Bogota&allowPublicKeyRetrieval=true&createDatabaseIfNotExist=true&disabledAuthenticationPlugins=mysql_native_password (MySQL 8.4)"}
{"@timestamp":"2026-05-11T14:02:01.9029161-05:00","@version":"1","level":"WARN","logger_name":"org.flywaydb.core.internal.database.base.Database","thread_name":"restartedMain","message":"Using MySQL 8.4 which is newer than the version Flyway has been verified with. The latest verified version of MySQL is 8.1."}
{"@timestamp":"2026-05-11T14:02:01.9899252-05:00","@version":"1","level":"INFO","logger_name":"org.flywaydb.core.internal.command.DbValidate","thread_name":"restartedMain","message":"Successfully validated 2 migrations (execution time 00:00.063s)"}
{"@timestamp":"2026-05-11T14:02:02.0319231-05:00","@version":"1","level":"INFO","logger_name":"org.flywaydb.core.internal.command.DbMigrate","thread_name":"restartedMain","message":"Current version of schema `sistema_facturacion2`: 2"}
{"@timestamp":"2026-05-11T14:02:02.0409257-05:00","@version":"1","level":"INFO","logger_name":"org.flywaydb.core.internal.command.DbMigrate","thread_name":"restartedMain","message":"Schema `sistema_facturacion2` is up to date. No migration necessary."}
{"@timestamp":"2026-05-11T14:02:02.2529405-05:00","@version":"1","level":"INFO","logger_name":"org.hibernate.orm.jpa","thread_name":"restartedMain","message":"HHH008540: Processing PersistenceUnitInfo [name: default]"}
{"@timestamp":"2026-05-11T14:02:02.3549398-05:00","@version":"1","level":"INFO","logger_name":"org.hibernate.orm.core","thread_name":"restartedMain","message":"HHH000001: Hibernate ORM core version 7.2.4.Final"}
{"@timestamp":"2026-05-11T14:02:03.1359822-05:00","@version":"1","level":"INFO","logger_name":"org.springframework.orm.jpa.persistenceunit.SpringPersistenceUnitInfo","thread_name":"restartedMain","message":"No LoadTimeWeaver setup: ignoring JPA class transformer"}
{"@timestamp":"2026-05-11T14:02:03.2809878-05:00","@version":"1","level":"INFO","logger_name":"org.hibernate.orm.connections.pooling","thread_name":"restartedMain","message":"HHH10001005: Database info:\n\tDatabase JDBC URL [jdbc:mysql://localhost:3306/sistema_facturacion2?useSSL=false&serverTimezone=America/Bogota&allowPublicKeyRetrieval=true&createDatabaseIfNotExist=true&disabledAuthenticationPlugins=mysql_native_password]\n\tDatabase driver: MySQL Connector/J\n\tDatabase dialect: MySQLDialect\n\tDatabase version: 8.4.6\n\tDefault catalog/schema: sistema_facturacion2/undefined\n\tAutocommit mode: undefined/unknown\n\tIsolation level: REPEATABLE_READ [default REPEATABLE_READ]\n\tJDBC fetch size: none\n\tPool: DataSourceConnectionProvider\n\tMinimum pool size: undefined/unknown\n\tMaximum pool size: undefined/unknown"}
{"@timestamp":"2026-05-11T14:02:05.2960948-05:00","@version":"1","level":"INFO","logger_name":"org.hibernate.orm.core","thread_name":"restartedMain","message":"HHH000489: No JTA platform available (set 'hibernate.transaction.jta.platform' to enable JTA platform integration)"}
{"@timestamp":"2026-05-11T14:02:05.3594667-05:00","@version":"1","level":"INFO","logger_name":"org.springframework.orm.jpa.LocalContainerEntityManagerFactoryBean","thread_name":"restartedMain","message":"Initialized JPA EntityManagerFactory for persistence unit 'default'"}
{"@timestamp":"2026-05-11T14:02:05.4774723-05:00","@version":"1","level":"INFO","logger_name":"org.springframework.data.jpa.repository.query.QueryEnhancerFactories","thread_name":"restartedMain","message":"Hibernate is in classpath; If applicable, HQL parser will be used."}
{"@timestamp":"2026-05-11T14:02:06.7579722-05:00","@version":"1","level":"INFO","logger_name":"org.springframework.security.config.annotation.authentication.configuration.InitializeAuthenticationProviderBeanManagerConfigurer$InitializeAuthenticationProviderManagerConfigurer","thread_name":"restartedMain","message":"Global AuthenticationManager configured with AuthenticationProvider bean with name authenticationProvider"}
{"@timestamp":"2026-05-11T14:02:06.7589812-05:00","@version":"1","level":"WARN","logger_name":"org.springframework.security.config.annotation.authentication.configuration.InitializeUserDetailsBeanManagerConfigurer$InitializeUserDetailsManagerConfigurer","thread_name":"restartedMain","message":"Global AuthenticationManager configured with an AuthenticationProvider bean. UserDetailsService beans will not be used by Spring Security for automatically configuring username/password login. Consider removing the AuthenticationProvider bean. Alternatively, consider using the UserDetailsService in a manually instantiated DaoAuthenticationProvider. If the current configuration is intentional, to turn off this warning, increase the logging level of 'org.springframework.security.config.annotation.authentication.configuration.InitializeUserDetailsBeanManagerConfigurer' to ERROR"}
{"@timestamp":"2026-05-11T14:02:07.9446461-05:00","@version":"1","level":"DEBUG","logger_name":"org.springframework.security.web.DefaultSecurityFilterChain","thread_name":"restartedMain","message":"Will secure any request with filters: DisableEncodeUrlFilter, WebAsyncManagerIntegrationFilter, SecurityContextHolderFilter, HeaderWriterFilter, CorsFilter, LogoutFilter, JwtAuthenticationFilter, RequestCacheAwareFilter, SecurityContextHolderAwareRequestFilter, AnonymousAuthenticationFilter, SessionManagementFilter, ExceptionTranslationFilter, AuthorizationFilter"}
{"@timestamp":"2026-05-11T14:02:08.7541565-05:00","@version":"1","level":"INFO","logger_name":"org.apache.coyote.http11.Http11NioProtocol","thread_name":"restartedMain","message":"Starting ProtocolHandler [\"http-nio-8080\"]"}
{"@timestamp":"2026-05-11T14:02:08.7871045-05:00","@version":"1","level":"INFO","logger_name":"org.springframework.boot.tomcat.TomcatWebServer","thread_name":"restartedMain","message":"Tomcat started on port 8080 (http) with context path '/api'"}
{"@timestamp":"2026-05-11T14:02:08.8001031-05:00","@version":"1","level":"INFO","logger_name":"com.sistema.facturacion2.Facturacion2Application","thread_name":"restartedMain","message":"Started Facturacion2Application in 12.917 seconds (process running for 13.982)"}
{"@timestamp":"2026-05-11T14:02:40.3698622-05:00","@version":"1","level":"INFO","logger_name":"org.springframework.boot.tomcat.GracefulShutdown","thread_name":"SpringApplicationShutdownHook","message":"Commencing graceful shutdown. Waiting for active requests to complete"}
{"@timestamp":"2026-05-11T14:02:40.3996636-05:00","@version":"1","level":"INFO","logger_name":"org.springframework.boot.tomcat.GracefulShutdown","thread_name":"tomcat-shutdown","message":"Graceful shutdown complete"}
{"@timestamp":"2026-05-11T14:02:40.408664-05:00","@version":"1","level":"INFO","logger_name":"org.springframework.orm.jpa.LocalContainerEntityManagerFactoryBean","thread_name":"SpringApplicationShutdownHook","message":"Closing JPA EntityManagerFactory for persistence unit 'default'"}
{"@timestamp":"2026-05-11T14:02:40.4146679-05:00","@version":"1","level":"INFO","logger_name":"com.zaxxer.hikari.HikariDataSource","thread_name":"SpringApplicationShutdownHook","message":"HikariPool-1 - Shutdown initiated..."}
{"@timestamp":"2026-05-11T14:02:40.4266672-05:00","@version":"1","level":"INFO","logger_name":"com.zaxxer.hikari.HikariDataSource","thread_name":"SpringApplicationShutdownHook","message":"HikariPool-1 - Shutdown completed."}
{"@timestamp":"2026-05-11T14:03:04.0810564-05:00","@version":"1","level":"INFO","logger_name":"org.hibernate.validator.internal.util.Version","thread_name":"background-preinit","message":"HV000001: Hibernate Validator 9.0.1.Final"}
{"@timestamp":"2026-05-11T14:03:04.1330593-05:00","@version":"1","level":"INFO","logger_name":"com.sistema.facturacion2.Facturacion2Application","thread_name":"restartedMain","message":"Starting Facturacion2Application using Java 25 with PID 8608 (C:\\Users\\HP\\Downloads\\facturacion2\\facturacion2\\target\\classes started by HP in C:\\Users\\HP\\Downloads\\facturacion2\\facturacion2)"}
{"@timestamp":"2026-05-11T14:03:04.1350625-05:00","@version":"1","level":"INFO","logger_name":"com.sistema.facturacion2.Facturacion2Application","thread_name":"restartedMain","message":"No active profile set, falling back to 1 default profile: \"default\""}
{"@timestamp":"2026-05-11T14:03:04.2500604-05:00","@version":"1","level":"INFO","logger_name":"org.springframework.boot.devtools.env.DevToolsPropertyDefaultsPostProcessor","thread_name":"restartedMain","message":"Devtools property defaults active! Set 'spring.devtools.add-properties' to 'false' to disable"}
{"@timestamp":"2026-05-11T14:03:04.2500604-05:00","@version":"1","level":"INFO","logger_name":"org.springframework.boot.devtools.env.DevToolsPropertyDefaultsPostProcessor","thread_name":"restartedMain","message":"For additional web related logging consider setting the 'logging.level.web' property to 'DEBUG'"}
{"@timestamp":"2026-05-11T14:03:06.3102762-05:00","@version":"1","level":"INFO","logger_name":"org.springframework.data.repository.config.RepositoryConfigurationDelegate","thread_name":"restartedMain","message":"Bootstrapping Spring Data JPA repositories in DEFAULT mode."}
{"@timestamp":"2026-05-11T14:03:06.4512779-05:00","@version":"1","level":"INFO","logger_name":"org.springframework.data.repository.config.RepositoryConfigurationDelegate","thread_name":"restartedMain","message":"Finished Spring Data repository scanning in 125 ms. Found 5 JPA repository interfaces."}
{"@timestamp":"2026-05-11T14:03:07.6033455-05:00","@version":"1","level":"INFO","logger_name":"org.springframework.boot.tomcat.TomcatWebServer","thread_name":"restartedMain","message":"Tomcat initialized with port 8080 (http)"}
{"@timestamp":"2026-05-11T14:03:07.6373397-05:00","@version":"1","level":"INFO","logger_name":"org.apache.coyote.http11.Http11NioProtocol","thread_name":"restartedMain","message":"Initializing ProtocolHandler [\"http-nio-8080\"]"}
{"@timestamp":"2026-05-11T14:03:07.64134-05:00","@version":"1","level":"INFO","logger_name":"org.apache.catalina.core.StandardService","thread_name":"restartedMain","message":"Starting service [Tomcat]"}
{"@timestamp":"2026-05-11T14:03:07.64134-05:00","@version":"1","level":"INFO","logger_name":"org.apache.catalina.core.StandardEngine","thread_name":"restartedMain","message":"Starting Servlet engine: [Apache Tomcat/11.0.18]"}
{"@timestamp":"2026-05-11T14:03:07.7403498-05:00","@version":"1","level":"INFO","logger_name":"org.springframework.boot.web.context.servlet.WebApplicationContextInitializer","thread_name":"restartedMain","message":"Root WebApplicationContext: initialization completed in 3489 ms"}
{"@timestamp":"2026-05-11T14:03:08.214378-05:00","@version":"1","level":"INFO","logger_name":"com.zaxxer.hikari.HikariDataSource","thread_name":"restartedMain","message":"HikariPool-1 - Starting..."}
{"@timestamp":"2026-05-11T14:03:08.5043884-05:00","@version":"1","level":"INFO","logger_name":"com.zaxxer.hikari.pool.HikariPool","thread_name":"restartedMain","message":"HikariPool-1 - Added connection com.mysql.cj.jdbc.ConnectionImpl@7e2315eb"}
{"@timestamp":"2026-05-11T14:03:08.5073869-05:00","@version":"1","level":"INFO","logger_name":"com.zaxxer.hikari.HikariDataSource","thread_name":"restartedMain","message":"HikariPool-1 - Start completed."}
{"@timestamp":"2026-05-11T14:03:08.5803873-05:00","@version":"1","level":"INFO","logger_name":"org.flywaydb.core.FlywayExecutor","thread_name":"restartedMain","message":"Database: jdbc:mysql://localhost:3306/sistema_facturacion2?useSSL=false&serverTimezone=America/Bogota&allowPublicKeyRetrieval=true&createDatabaseIfNotExist=true&disabledAuthenticationPlugins=mysql_native_password (MySQL 8.4)"}
{"@timestamp":"2026-05-11T14:03:08.6003964-05:00","@version":"1","level":"WARN","logger_name":"org.flywaydb.core.internal.database.base.Database","thread_name":"restartedMain","message":"Using MySQL 8.4 which is newer than the version Flyway has been verified with. The latest verified version of MySQL is 8.1."}
{"@timestamp":"2026-05-11T14:03:08.6744031-05:00","@version":"1","level":"INFO","logger_name":"org.flywaydb.core.internal.command.DbValidate","thread_name":"restartedMain","message":"Successfully validated 2 migrations (execution time 00:00.049s)"}
{"@timestamp":"2026-05-11T14:03:08.7013983-05:00","@version":"1","level":"INFO","logger_name":"org.flywaydb.core.internal.command.DbMigrate","thread_name":"restartedMain","message":"Current version of schema `sistema_facturacion2`: 2"}
{"@timestamp":"2026-05-11T14:03:08.7184028-05:00","@version":"1","level":"INFO","logger_name":"org.flywaydb.core.internal.command.DbMigrate","thread_name":"restartedMain","message":"Schema `sistema_facturacion2` is up to date. No migration necessary."}
{"@timestamp":"2026-05-11T14:03:08.8774069-05:00","@version":"1","level":"INFO","logger_name":"org.hibernate.orm.jpa","thread_name":"restartedMain","message":"HHH008540: Processing PersistenceUnitInfo [name: default]"}
{"@timestamp":"2026-05-11T14:03:08.9934086-05:00","@version":"1","level":"INFO","logger_name":"org.hibernate.orm.core","thread_name":"restartedMain","message":"HHH000001: Hibernate ORM core version 7.2.4.Final"}
{"@timestamp":"2026-05-11T14:03:10.0034631-05:00","@version":"1","level":"INFO","logger_name":"org.springframework.orm.jpa.persistenceunit.SpringPersistenceUnitInfo","thread_name":"restartedMain","message":"No LoadTimeWeaver setup: ignoring JPA class transformer"}
{"@timestamp":"2026-05-11T14:03:10.1344718-05:00","@version":"1","level":"INFO","logger_name":"org.hibernate.orm.connections.pooling","thread_name":"restartedMain","message":"HHH10001005: Database info:\n\tDatabase JDBC URL [jdbc:mysql://localhost:3306/sistema_facturacion2?useSSL=false&serverTimezone=America/Bogota&allowPublicKeyRetrieval=true&createDatabaseIfNotExist=true&disabledAuthenticationPlugins=mysql_native_password]\n\tDatabase driver: MySQL Connector/J\n\tDatabase dialect: MySQLDialect\n\tDatabase version: 8.4.6\n\tDefault catalog/schema: sistema_facturacion2/undefined\n\tAutocommit mode: undefined/unknown\n\tIsolation level: REPEATABLE_READ [default REPEATABLE_READ]\n\tJDBC fetch size: none\n\tPool: DataSourceConnectionProvider\n\tMinimum pool size: undefined/unknown\n\tMaximum pool size: undefined/unknown"}
{"@timestamp":"2026-05-11T14:03:12.0238484-05:00","@version":"1","level":"INFO","logger_name":"org.hibernate.orm.core","thread_name":"restartedMain","message":"HHH000489: No JTA platform available (set 'hibernate.transaction.jta.platform' to enable JTA platform integration)"}
{"@timestamp":"2026-05-11T14:03:12.0908537-05:00","@version":"1","level":"INFO","logger_name":"org.springframework.orm.jpa.LocalContainerEntityManagerFactoryBean","thread_name":"restartedMain","message":"Initialized JPA EntityManagerFactory for persistence unit 'default'"}
{"@timestamp":"2026-05-11T14:03:12.2138591-05:00","@version":"1","level":"INFO","logger_name":"org.springframework.data.jpa.repository.query.QueryEnhancerFactories","thread_name":"restartedMain","message":"Hibernate is in classpath; If applicable, HQL parser will be used."}
{"@timestamp":"2026-05-11T14:03:14.2079679-05:00","@version":"1","level":"INFO","logger_name":"org.springframework.security.config.annotation.authentication.configuration.InitializeAuthenticationProviderBeanManagerConfigurer$InitializeAuthenticationProviderManagerConfigurer","thread_name":"restartedMain","message":"Global AuthenticationManager configured with AuthenticationProvider bean with name authenticationProvider"}
{"@timestamp":"2026-05-11T14:03:14.2119667-05:00","@version":"1","level":"WARN","logger_name":"org.springframework.security.config.annotation.authentication.configuration.InitializeUserDetailsBeanManagerConfigurer$InitializeUserDetailsManagerConfigurer","thread_name":"restartedMain","message":"Global AuthenticationManager configured with an AuthenticationProvider bean. UserDetailsService beans will not be used by Spring Security for automatically configuring username/password login. Consider removing the AuthenticationProvider bean. Alternatively, consider using the UserDetailsService in a manually instantiated DaoAuthenticationProvider. If the current configuration is intentional, to turn off this warning, increase the logging level of 'org.springframework.security.config.annotation.authentication.configuration.InitializeUserDetailsBeanManagerConfigurer' to ERROR"}
{"@timestamp":"2026-05-11T14:03:15.6460399-05:00","@version":"1","level":"DEBUG","logger_name":"org.springframework.security.web.DefaultSecurityFilterChain","thread_name":"restartedMain","message":"Will secure any request with filters: DisableEncodeUrlFilter, WebAsyncManagerIntegrationFilter, SecurityContextHolderFilter, HeaderWriterFilter, CorsFilter, LogoutFilter, JwtAuthenticationFilter, RequestCacheAwareFilter, SecurityContextHolderAwareRequestFilter, AnonymousAuthenticationFilter, SessionManagementFilter, ExceptionTranslationFilter, AuthorizationFilter"}
{"@timestamp":"2026-05-11T14:03:17.3612089-05:00","@version":"1","level":"INFO","logger_name":"org.apache.coyote.http11.Http11NioProtocol","thread_name":"restartedMain","message":"Starting ProtocolHandler [\"http-nio-8080\"]"}
{"@timestamp":"2026-05-11T14:03:17.4032124-05:00","@version":"1","level":"INFO","logger_name":"org.springframework.boot.tomcat.TomcatWebServer","thread_name":"restartedMain","message":"Tomcat started on port 8080 (http) with context path '/api'"}
{"@timestamp":"2026-05-11T14:03:17.4312092-05:00","@version":"1","level":"INFO","logger_name":"com.sistema.facturacion2.Facturacion2Application","thread_name":"restartedMain","message":"Started Facturacion2Application in 14.503 seconds (process running for 15.663)"}
{"@timestamp":"2026-05-11T14:03:26.8258159-05:00","@version":"1","level":"INFO","logger_name":"org.springframework.boot.tomcat.GracefulShutdown","thread_name":"SpringApplicationShutdownHook","message":"Commencing graceful shutdown. Waiting for active requests to complete"}
{"@timestamp":"2026-05-11T14:03:26.8468139-05:00","@version":"1","level":"INFO","logger_name":"org.springframework.boot.tomcat.GracefulShutdown","thread_name":"tomcat-shutdown","message":"Graceful shutdown complete"}
{"@timestamp":"2026-05-11T14:03:26.8548148-05:00","@version":"1","level":"INFO","logger_name":"org.springframework.orm.jpa.LocalContainerEntityManagerFactoryBean","thread_name":"SpringApplicationShutdownHook","message":"Closing JPA EntityManagerFactory for persistence unit 'default'"}
{"@timestamp":"2026-05-11T14:03:26.859816-05:00","@version":"1","level":"INFO","logger_name":"com.zaxxer.hikari.HikariDataSource","thread_name":"SpringApplicationShutdownHook","message":"HikariPool-1 - Shutdown initiated..."}
{"@timestamp":"2026-05-11T14:03:26.8728161-05:00","@version":"1","level":"INFO","logger_name":"com.zaxxer.hikari.HikariDataSource","thread_name":"SpringApplicationShutdownHook","message":"HikariPool-1 - Shutdown completed."}
{"@timestamp":"2026-05-11T14:06:37.2531841-05:00","@version":"1","level":"INFO","logger_name":"org.hibernate.validator.internal.util.Version","thread_name":"background-preinit","message":"HV000001: Hibernate Validator 9.0.1.Final"}
{"@timestamp":"2026-05-11T14:06:37.3041851-05:00","@version":"1","level":"INFO","logger_name":"com.sistema.facturacion2.Facturacion2Application","thread_name":"restartedMain","message":"Starting Facturacion2Application using Java 25 with PID 15372 (C:\\Users\\HP\\Downloads\\facturacion2\\facturacion2\\target\\classes started by HP in C:\\Users\\HP\\Downloads\\facturacion2\\facturacion2)"}
{"@timestamp":"2026-05-11T14:06:37.305186-05:00","@version":"1","level":"INFO","logger_name":"com.sistema.facturacion2.Facturacion2Application","thread_name":"restartedMain","message":"No active profile set, falling back to 1 default profile: \"default\""}
{"@timestamp":"2026-05-11T14:06:37.3981903-05:00","@version":"1","level":"INFO","logger_name":"org.springframework.boot.devtools.env.DevToolsPropertyDefaultsPostProcessor","thread_name":"restartedMain","message":"Devtools property defaults active! Set 'spring.devtools.add-properties' to 'false' to disable"}
{"@timestamp":"2026-05-11T14:06:37.3981903-05:00","@version":"1","level":"INFO","logger_name":"org.springframework.boot.devtools.env.DevToolsPropertyDefaultsPostProcessor","thread_name":"restartedMain","message":"For additional web related logging consider setting the 'logging.level.web' property to 'DEBUG'"}
{"@timestamp":"2026-05-11T14:06:39.2542935-05:00","@version":"1","level":"INFO","logger_name":"org.springframework.data.repository.config.RepositoryConfigurationDelegate","thread_name":"restartedMain","message":"Bootstrapping Spring Data JPA repositories in DEFAULT mode."}
{"@timestamp":"2026-05-11T14:06:39.4002946-05:00","@version":"1","level":"INFO","logger_name":"org.springframework.data.repository.config.RepositoryConfigurationDelegate","thread_name":"restartedMain","message":"Finished Spring Data repository scanning in 120 ms. Found 5 JPA repository interfaces."}
{"@timestamp":"2026-05-11T14:06:40.5713595-05:00","@version":"1","level":"INFO","logger_name":"org.springframework.boot.tomcat.TomcatWebServer","thread_name":"restartedMain","message":"Tomcat initialized with port 8080 (http)"}
{"@timestamp":"2026-05-11T14:06:40.5943535-05:00","@version":"1","level":"INFO","logger_name":"org.apache.coyote.http11.Http11NioProtocol","thread_name":"restartedMain","message":"Initializing ProtocolHandler [\"http-nio-8080\"]"}
{"@timestamp":"2026-05-11T14:06:40.5983582-05:00","@version":"1","level":"INFO","logger_name":"org.apache.catalina.core.StandardService","thread_name":"restartedMain","message":"Starting service [Tomcat]"}
{"@timestamp":"2026-05-11T14:06:40.600357-05:00","@version":"1","level":"INFO","logger_name":"org.apache.catalina.core.StandardEngine","thread_name":"restartedMain","message":"Starting Servlet engine: [Apache Tomcat/11.0.18]"}
{"@timestamp":"2026-05-11T14:06:40.6993683-05:00","@version":"1","level":"INFO","logger_name":"org.springframework.boot.web.context.servlet.WebApplicationContextInitializer","thread_name":"restartedMain","message":"Root WebApplicationContext: initialization completed in 3299 ms"}
{"@timestamp":"2026-05-11T14:06:41.2103926-05:00","@version":"1","level":"INFO","logger_name":"com.zaxxer.hikari.HikariDataSource","thread_name":"restartedMain","message":"HikariPool-1 - Starting..."}
{"@timestamp":"2026-05-11T14:06:41.5044077-05:00","@version":"1","level":"INFO","logger_name":"com.zaxxer.hikari.pool.HikariPool","thread_name":"restartedMain","message":"HikariPool-1 - Added connection com.mysql.cj.jdbc.ConnectionImpl@2da8e768"}
{"@timestamp":"2026-05-11T14:06:41.5084123-05:00","@version":"1","level":"INFO","logger_name":"com.zaxxer.hikari.HikariDataSource","thread_name":"restartedMain","message":"HikariPool-1 - Start completed."}
{"@timestamp":"2026-05-11T14:06:41.586407-05:00","@version":"1","level":"INFO","logger_name":"org.flywaydb.core.FlywayExecutor","thread_name":"restartedMain","message":"Database: jdbc:mysql://localhost:3306/sistema_facturacion2?useSSL=false&serverTimezone=America/Bogota&allowPublicKeyRetrieval=true&createDatabaseIfNotExist=true&disabledAuthenticationPlugins=mysql_native_password (MySQL 8.4)"}
{"@timestamp":"2026-05-11T14:06:41.6064119-05:00","@version":"1","level":"WARN","logger_name":"org.flywaydb.core.internal.database.base.Database","thread_name":"restartedMain","message":"Using MySQL 8.4 which is newer than the version Flyway has been verified with. The latest verified version of MySQL is 8.1."}
{"@timestamp":"2026-05-11T14:06:41.6964155-05:00","@version":"1","level":"INFO","logger_name":"org.flywaydb.core.internal.command.DbValidate","thread_name":"restartedMain","message":"Successfully validated 2 migrations (execution time 00:00.065s)"}
{"@timestamp":"2026-05-11T14:06:41.8094218-05:00","@version":"1","level":"INFO","logger_name":"org.flywaydb.core.internal.command.DbMigrate","thread_name":"restartedMain","message":"Current version of schema `sistema_facturacion2`: 2"}
{"@timestamp":"2026-05-11T14:06:41.8174277-05:00","@version":"1","level":"INFO","logger_name":"org.flywaydb.core.internal.command.DbMigrate","thread_name":"restartedMain","message":"Schema `sistema_facturacion2` is up to date. No migration necessary."}
{"@timestamp":"2026-05-11T14:06:41.9994355-05:00","@version":"1","level":"INFO","logger_name":"org.hibernate.orm.jpa","thread_name":"restartedMain","message":"HHH008540: Processing PersistenceUnitInfo [name: default]"}
{"@timestamp":"2026-05-11T14:06:42.1254398-05:00","@version":"1","level":"INFO","logger_name":"org.hibernate.orm.core","thread_name":"restartedMain","message":"HHH000001: Hibernate ORM core version 7.2.4.Final"}
{"@timestamp":"2026-05-11T14:06:42.9424866-05:00","@version":"1","level":"INFO","logger_name":"org.springframework.orm.jpa.persistenceunit.SpringPersistenceUnitInfo","thread_name":"restartedMain","message":"No LoadTimeWeaver setup: ignoring JPA class transformer"}
{"@timestamp":"2026-05-11T14:06:43.0778797-05:00","@version":"1","level":"INFO","logger_name":"org.hibernate.orm.connections.pooling","thread_name":"restartedMain","message":"HHH10001005: Database info:\n\tDatabase JDBC URL [jdbc:mysql://localhost:3306/sistema_facturacion2?useSSL=false&serverTimezone=America/Bogota&allowPublicKeyRetrieval=true&createDatabaseIfNotExist=true&disabledAuthenticationPlugins=mysql_native_password]\n\tDatabase driver: MySQL Connector/J\n\tDatabase dialect: MySQLDialect\n\tDatabase version: 8.4.6\n\tDefault catalog/schema: sistema_facturacion2/undefined\n\tAutocommit mode: undefined/unknown\n\tIsolation level: REPEATABLE_READ [default REPEATABLE_READ]\n\tJDBC fetch size: none\n\tPool: DataSourceConnectionProvider\n\tMinimum pool size: undefined/unknown\n\tMaximum pool size: undefined/unknown"}
{"@timestamp":"2026-05-11T14:06:44.8544187-05:00","@version":"1","level":"INFO","logger_name":"org.hibernate.orm.core","thread_name":"restartedMain","message":"HHH000489: No JTA platform available (set 'hibernate.transaction.jta.platform' to enable JTA platform integration)"}
{"@timestamp":"2026-05-11T14:06:44.918946-05:00","@version":"1","level":"INFO","logger_name":"org.springframework.orm.jpa.LocalContainerEntityManagerFactoryBean","thread_name":"restartedMain","message":"Initialized JPA EntityManagerFactory for persistence unit 'default'"}
{"@timestamp":"2026-05-11T14:06:45.0429553-05:00","@version":"1","level":"INFO","logger_name":"org.springframework.data.jpa.repository.query.QueryEnhancerFactories","thread_name":"restartedMain","message":"Hibernate is in classpath; If applicable, HQL parser will be used."}
{"@timestamp":"2026-05-11T14:06:46.2578412-05:00","@version":"1","level":"INFO","logger_name":"org.springframework.security.config.annotation.authentication.configuration.InitializeAuthenticationProviderBeanManagerConfigurer$InitializeAuthenticationProviderManagerConfigurer","thread_name":"restartedMain","message":"Global AuthenticationManager configured with AuthenticationProvider bean with name authenticationProvider"}
{"@timestamp":"2026-05-11T14:06:46.2588579-05:00","@version":"1","level":"WARN","logger_name":"org.springframework.security.config.annotation.authentication.configuration.InitializeUserDetailsBeanManagerConfigurer$InitializeUserDetailsManagerConfigurer","thread_name":"restartedMain","message":"Global AuthenticationManager configured with an AuthenticationProvider bean. UserDetailsService beans will not be used by Spring Security for automatically configuring username/password login. Consider removing the AuthenticationProvider bean. Alternatively, consider using the UserDetailsService in a manually instantiated DaoAuthenticationProvider. If the current configuration is intentional, to turn off this warning, increase the logging level of 'org.springframework.security.config.annotation.authentication.configuration.InitializeUserDetailsBeanManagerConfigurer' to ERROR"}
{"@timestamp":"2026-05-11T14:06:47.4161538-05:00","@version":"1","level":"DEBUG","logger_name":"org.springframework.security.web.DefaultSecurityFilterChain","thread_name":"restartedMain","message":"Will secure any request with filters: DisableEncodeUrlFilter, WebAsyncManagerIntegrationFilter, SecurityContextHolderFilter, HeaderWriterFilter, CorsFilter, LogoutFilter, JwtAuthenticationFilter, RequestCacheAwareFilter, SecurityContextHolderAwareRequestFilter, AnonymousAuthenticationFilter, SessionManagementFilter, ExceptionTranslationFilter, AuthorizationFilter"}
{"@timestamp":"2026-05-11T14:06:48.2618161-05:00","@version":"1","level":"INFO","logger_name":"org.apache.coyote.http11.Http11NioProtocol","thread_name":"restartedMain","message":"Starting ProtocolHandler [\"http-nio-8080\"]"}
{"@timestamp":"2026-05-11T14:06:48.2918155-05:00","@version":"1","level":"INFO","logger_name":"org.springframework.boot.tomcat.TomcatWebServer","thread_name":"restartedMain","message":"Tomcat started on port 8080 (http) with context path '/api'"}
{"@timestamp":"2026-05-11T14:06:48.3028202-05:00","@version":"1","level":"INFO","logger_name":"com.sistema.facturacion2.Facturacion2Application","thread_name":"restartedMain","message":"Started Facturacion2Application in 12.168 seconds (process running for 13.213)"}
{"@timestamp":"2026-05-11T15:08:53.267013-05:00","@version":"1","level":"INFO","logger_name":"org.springframework.boot.devtools.autoconfigure.LocalDevToolsAutoConfiguration$RestartingClassPathChangeChangedEventListener","thread_name":"File Watcher","message":"Restarting due to 47 class path changes (0 additions, 47 deletions, 0 modifications)"}
{"@timestamp":"2026-05-11T15:08:53.4690229-05:00","@version":"1","level":"INFO","logger_name":"org.springframework.boot.tomcat.GracefulShutdown","thread_name":"Thread-1","message":"Commencing graceful shutdown. Waiting for active requests to complete"}
{"@timestamp":"2026-05-11T15:08:53.4970131-05:00","@version":"1","level":"INFO","logger_name":"org.apache.coyote.http11.Http11NioProtocol","thread_name":"tomcat-shutdown","message":"Pausing ProtocolHandler [\"http-nio-8080\"]"}
{"@timestamp":"2026-05-11T15:08:53.9400227-05:00","@version":"1","level":"INFO","logger_name":"org.springframework.boot.tomcat.GracefulShutdown","thread_name":"tomcat-shutdown","message":"Graceful shutdown complete"}
{"@timestamp":"2026-05-11T15:08:53.9630163-05:00","@version":"1","level":"INFO","logger_name":"org.apache.coyote.http11.Http11NioProtocol","thread_name":"Thread-1","message":"Stopping ProtocolHandler [\"http-nio-8080\"]"}
{"@timestamp":"2026-05-11T15:08:53.9990184-05:00","@version":"1","level":"INFO","logger_name":"org.springframework.orm.jpa.LocalContainerEntityManagerFactoryBean","thread_name":"Thread-1","message":"Closing JPA EntityManagerFactory for persistence unit 'default'"}
{"@timestamp":"2026-05-11T15:08:54.0340205-05:00","@version":"1","level":"INFO","logger_name":"com.zaxxer.hikari.HikariDataSource","thread_name":"Thread-1","message":"HikariPool-1 - Shutdown initiated..."}
{"@timestamp":"2026-05-11T15:08:54.0620174-05:00","@version":"1","level":"INFO","logger_name":"com.zaxxer.hikari.HikariDataSource","thread_name":"Thread-1","message":"HikariPool-1 - Shutdown completed."}
{"@timestamp":"2026-05-11T15:08:57.6751351-05:00","@version":"1","level":"INFO","logger_name":"com.sistema.facturacion2.Facturacion2Application","thread_name":"restartedMain","message":"Starting Facturacion2Application using Java 25 with PID 15372 (C:\\Users\\HP\\Downloads\\facturacion2\\facturacion2\\target\\classes started by HP in C:\\Users\\HP\\Downloads\\facturacion2\\facturacion2)"}
{"@timestamp":"2026-05-11T15:08:57.6841375-05:00","@version":"1","level":"INFO","logger_name":"com.sistema.facturacion2.Facturacion2Application","thread_name":"restartedMain","message":"No active profile set, falling back to 1 default profile: \"default\""}
{"@timestamp":"2026-05-11T15:08:59.1541575-05:00","@version":"1","level":"INFO","logger_name":"org.springframework.data.repository.config.RepositoryConfigurationDelegate","thread_name":"restartedMain","message":"Bootstrapping Spring Data JPA repositories in DEFAULT mode."}
{"@timestamp":"2026-05-11T15:08:59.2031529-05:00","@version":"1","level":"INFO","logger_name":"org.springframework.data.repository.config.RepositoryConfigurationDelegate","thread_name":"restartedMain","message":"Finished Spring Data repository scanning in 13 ms. Found 0 JPA repository interfaces."}
{"@timestamp":"2026-05-11T15:08:59.857164-05:00","@version":"1","level":"INFO","logger_name":"org.springframework.boot.tomcat.TomcatWebServer","thread_name":"restartedMain","message":"Tomcat initialized with port 8080 (http)"}
{"@timestamp":"2026-05-11T15:08:59.8601703-05:00","@version":"1","level":"INFO","logger_name":"org.apache.coyote.http11.Http11NioProtocol","thread_name":"restartedMain","message":"Initializing ProtocolHandler [\"http-nio-8080\"]"}
{"@timestamp":"2026-05-11T15:08:59.8621653-05:00","@version":"1","level":"INFO","logger_name":"org.apache.catalina.core.StandardService","thread_name":"restartedMain","message":"Starting service [Tomcat]"}
{"@timestamp":"2026-05-11T15:08:59.8621653-05:00","@version":"1","level":"INFO","logger_name":"org.apache.catalina.core.StandardEngine","thread_name":"restartedMain","message":"Starting Servlet engine: [Apache Tomcat/11.0.18]"}
{"@timestamp":"2026-05-11T15:09:00.0371687-05:00","@version":"1","level":"INFO","logger_name":"org.springframework.boot.web.context.servlet.WebApplicationContextInitializer","thread_name":"restartedMain","message":"Root WebApplicationContext: initialization completed in 2292 ms"}
{"@timestamp":"2026-05-11T15:09:00.2841797-05:00","@version":"1","level":"INFO","logger_name":"com.zaxxer.hikari.HikariDataSource","thread_name":"restartedMain","message":"HikariPool-2 - Starting..."}
{"@timestamp":"2026-05-11T15:09:00.2941803-05:00","@version":"1","level":"INFO","logger_name":"com.zaxxer.hikari.pool.HikariPool","thread_name":"restartedMain","message":"HikariPool-2 - Added connection com.mysql.cj.jdbc.ConnectionImpl@27550a09"}
{"@timestamp":"2026-05-11T15:09:00.2951744-05:00","@version":"1","level":"INFO","logger_name":"com.zaxxer.hikari.HikariDataSource","thread_name":"restartedMain","message":"HikariPool-2 - Start completed."}
{"@timestamp":"2026-05-11T15:09:00.322172-05:00","@version":"1","level":"INFO","logger_name":"org.flywaydb.core.FlywayExecutor","thread_name":"restartedMain","message":"Database: jdbc:mysql://localhost:3306/sistema_facturacion2?useSSL=false&serverTimezone=America/Bogota&allowPublicKeyRetrieval=true&createDatabaseIfNotExist=true&disabledAuthenticationPlugins=mysql_native_password (MySQL 8.4)"}
{"@timestamp":"2026-05-11T15:09:00.3451753-05:00","@version":"1","level":"WARN","logger_name":"org.flywaydb.core.internal.database.base.Database","thread_name":"restartedMain","message":"Using MySQL 8.4 which is newer than the version Flyway has been verified with. The latest verified version of MySQL is 8.1."}
{"@timestamp":"2026-05-11T15:09:00.3721724-05:00","@version":"1","level":"INFO","logger_name":"org.flywaydb.core.internal.command.DbValidate","thread_name":"restartedMain","message":"Successfully validated 2 migrations (execution time 00:00.021s)"}
{"@timestamp":"2026-05-11T15:09:00.4071716-05:00","@version":"1","level":"INFO","logger_name":"org.flywaydb.core.internal.command.DbMigrate","thread_name":"restartedMain","message":"Current version of schema `sistema_facturacion2`: 2"}
{"@timestamp":"2026-05-11T15:09:00.4091721-05:00","@version":"1","level":"INFO","logger_name":"org.flywaydb.core.internal.command.DbMigrate","thread_name":"restartedMain","message":"Schema `sistema_facturacion2` is up to date. No migration necessary."}
{"@timestamp":"2026-05-11T15:09:00.4561747-05:00","@version":"1","level":"INFO","logger_name":"org.hibernate.orm.jpa","thread_name":"restartedMain","message":"HHH008540: Processing PersistenceUnitInfo [name: default]"}
{"@timestamp":"2026-05-11T15:09:00.6531752-05:00","@version":"1","level":"INFO","logger_name":"org.springframework.orm.jpa.persistenceunit.SpringPersistenceUnitInfo","thread_name":"restartedMain","message":"No LoadTimeWeaver setup: ignoring JPA class transformer"}
{"@timestamp":"2026-05-11T15:09:00.665178-05:00","@version":"1","level":"INFO","logger_name":"org.hibernate.orm.connections.pooling","thread_name":"restartedMain","message":"HHH10001005: Database info:\n\tDatabase JDBC URL [jdbc:mysql://localhost:3306/sistema_facturacion2?useSSL=false&serverTimezone=America/Bogota&allowPublicKeyRetrieval=true&createDatabaseIfNotExist=true&disabledAuthenticationPlugins=mysql_native_password]\n\tDatabase driver: MySQL Connector/J\n\tDatabase dialect: MySQLDialect\n\tDatabase version: 8.4.6\n\tDefault catalog/schema: sistema_facturacion2/undefined\n\tAutocommit mode: undefined/unknown\n\tIsolation level: REPEATABLE_READ [default REPEATABLE_READ]\n\tJDBC fetch size: none\n\tPool: DataSourceConnectionProvider\n\tMinimum pool size: undefined/unknown\n\tMaximum pool size: undefined/unknown"}
{"@timestamp":"2026-05-11T15:09:09.9403823-05:00","@version":"1","level":"INFO","logger_name":"org.hibernate.orm.core","thread_name":"restartedMain","message":"HHH000489: No JTA platform available (set 'hibernate.transaction.jta.platform' to enable JTA platform integration)"}
{"@timestamp":"2026-05-11T15:09:09.9443857-05:00","@version":"1","level":"INFO","logger_name":"org.springframework.orm.jpa.LocalContainerEntityManagerFactoryBean","thread_name":"restartedMain","message":"Initialized JPA EntityManagerFactory for persistence unit 'default'"}
{"@timestamp":"2026-05-11T15:09:10.1103833-05:00","@version":"1","level":"WARN","logger_name":"org.springframework.boot.web.server.servlet.context.AnnotationConfigServletWebServerApplicationContext","thread_name":"restartedMain","message":"Exception encountered during context initialization - cancelling refresh attempt: org.springframework.beans.factory.UnsatisfiedDependencyException: Error creating bean with name 'adminController' defined in file [C:\\Users\\HP\\Downloads\\facturacion2\\facturacion2\\target\\classes\\com\\sistema\\facturacion2\\controller\\AdminController.class]: Unsatisfied dependency expressed through constructor parameter 0: No qualifying bean of type 'com.sistema.facturacion2.service.UserService' available: expected at least 1 bean which qualifies as autowire candidate. Dependency annotations: {}"}
{"@timestamp":"2026-05-11T15:09:10.2803868-05:00","@version":"1","level":"INFO","logger_name":"org.springframework.orm.jpa.LocalContainerEntityManagerFactoryBean","thread_name":"restartedMain","message":"Closing JPA EntityManagerFactory for persistence unit 'default'"}
{"@timestamp":"2026-05-11T15:09:10.2813862-05:00","@version":"1","level":"INFO","logger_name":"com.zaxxer.hikari.HikariDataSource","thread_name":"restartedMain","message":"HikariPool-2 - Shutdown initiated..."}
{"@timestamp":"2026-05-11T15:09:10.3253871-05:00","@version":"1","level":"INFO","logger_name":"com.zaxxer.hikari.HikariDataSource","thread_name":"restartedMain","message":"HikariPool-2 - Shutdown completed."}
{"@timestamp":"2026-05-11T15:09:10.3263891-05:00","@version":"1","level":"INFO","logger_name":"org.apache.catalina.core.StandardService","thread_name":"restartedMain","message":"Stopping service [Tomcat]"}
{"@timestamp":"2026-05-11T15:09:10.3473844-05:00","@version":"1","level":"INFO","logger_name":"org.springframework.boot.autoconfigure.logging.ConditionEvaluationReportLogger","thread_name":"restartedMain","message":"\r\n\r\nError starting ApplicationContext. To display the condition evaluation report re-run your application with 'debug' enabled."}
{"@timestamp":"2026-05-11T15:09:10.4613883-05:00","@version":"1","level":"ERROR","logger_name":"org.springframework.boot.diagnostics.LoggingFailureAnalysisReporter","thread_name":"restartedMain","message":"\r\n\r\n***************************\r\nAPPLICATION FAILED TO START\r\n***************************\r\n\r\nDescription:\r\n\r\nParameter 0 of constructor in com.sistema.facturacion2.controller.AdminController required a bean of type 'com.sistema.facturacion2.service.UserService' that could not be found.\r\n\r\n\r\nAction:\r\n\r\nConsider defining a bean of type 'com.sistema.facturacion2.service.UserService' in your configuration.\r\n"}
{"@timestamp":"2026-05-11T15:09:12.6224163-05:00","@version":"1","level":"INFO","logger_name":"com.sistema.facturacion2.Facturacion2Application","thread_name":"restartedMain","message":"Starting Facturacion2Application using Java 25 with PID 15372 (C:\\Users\\HP\\Downloads\\facturacion2\\facturacion2\\target\\classes started by HP in C:\\Users\\HP\\Downloads\\facturacion2\\facturacion2)"}
{"@timestamp":"2026-05-11T15:09:12.6244171-05:00","@version":"1","level":"INFO","logger_name":"com.sistema.facturacion2.Facturacion2Application","thread_name":"restartedMain","message":"No active profile set, falling back to 1 default profile: \"default\""}
{"@timestamp":"2026-05-11T15:09:13.8984375-05:00","@version":"1","level":"INFO","logger_name":"org.springframework.data.repository.config.RepositoryConfigurationDelegate","thread_name":"restartedMain","message":"Bootstrapping Spring Data JPA repositories in DEFAULT mode."}
{"@timestamp":"2026-05-11T15:09:14.0704371-05:00","@version":"1","level":"INFO","logger_name":"org.springframework.data.repository.config.RepositoryConfigurationDelegate","thread_name":"restartedMain","message":"Finished Spring Data repository scanning in 168 ms. Found 5 JPA repository interfaces."}
{"@timestamp":"2026-05-11T15:09:15.3164552-05:00","@version":"1","level":"INFO","logger_name":"org.springframework.boot.tomcat.TomcatWebServer","thread_name":"restartedMain","message":"Tomcat initialized with port 8080 (http)"}
{"@timestamp":"2026-05-11T15:09:15.3224531-05:00","@version":"1","level":"INFO","logger_name":"org.apache.coyote.http11.Http11NioProtocol","thread_name":"restartedMain","message":"Initializing ProtocolHandler [\"http-nio-8080\"]"}
{"@timestamp":"2026-05-11T15:09:15.3224531-05:00","@version":"1","level":"INFO","logger_name":"org.apache.catalina.core.StandardService","thread_name":"restartedMain","message":"Starting service [Tomcat]"}
{"@timestamp":"2026-05-11T15:09:15.3234532-05:00","@version":"1","level":"INFO","logger_name":"org.apache.catalina.core.StandardEngine","thread_name":"restartedMain","message":"Starting Servlet engine: [Apache Tomcat/11.0.18]"}
{"@timestamp":"2026-05-11T15:09:15.4714602-05:00","@version":"1","level":"INFO","logger_name":"org.springframework.boot.web.context.servlet.WebApplicationContextInitializer","thread_name":"restartedMain","message":"Root WebApplicationContext: initialization completed in 2843 ms"}
{"@timestamp":"2026-05-11T15:09:15.6454599-05:00","@version":"1","level":"INFO","logger_name":"com.zaxxer.hikari.HikariDataSource","thread_name":"restartedMain","message":"HikariPool-3 - Starting..."}
{"@timestamp":"2026-05-11T15:09:15.6594646-05:00","@version":"1","level":"INFO","logger_name":"com.zaxxer.hikari.pool.HikariPool","thread_name":"restartedMain","message":"HikariPool-3 - Added connection com.mysql.cj.jdbc.ConnectionImpl@411274b8"}
{"@timestamp":"2026-05-11T15:09:15.660465-05:00","@version":"1","level":"INFO","logger_name":"com.zaxxer.hikari.HikariDataSource","thread_name":"restartedMain","message":"HikariPool-3 - Start completed."}
{"@timestamp":"2026-05-11T15:09:15.6674623-05:00","@version":"1","level":"INFO","logger_name":"org.flywaydb.core.FlywayExecutor","thread_name":"restartedMain","message":"Database: jdbc:mysql://localhost:3306/sistema_facturacion2?useSSL=false&serverTimezone=America/Bogota&allowPublicKeyRetrieval=true&createDatabaseIfNotExist=true&disabledAuthenticationPlugins=mysql_native_password (MySQL 8.4)"}
{"@timestamp":"2026-05-11T15:09:15.678465-05:00","@version":"1","level":"WARN","logger_name":"org.flywaydb.core.internal.database.base.Database","thread_name":"restartedMain","message":"Using MySQL 8.4 which is newer than the version Flyway has been verified with. The latest verified version of MySQL is 8.1."}
{"@timestamp":"2026-05-11T15:09:15.7084607-05:00","@version":"1","level":"INFO","logger_name":"org.flywaydb.core.internal.command.DbValidate","thread_name":"restartedMain","message":"Successfully validated 2 migrations (execution time 00:00.023s)"}
{"@timestamp":"2026-05-11T15:09:15.7274608-05:00","@version":"1","level":"INFO","logger_name":"org.flywaydb.core.internal.command.DbMigrate","thread_name":"restartedMain","message":"Current version of schema `sistema_facturacion2`: 2"}
{"@timestamp":"2026-05-11T15:09:15.7304612-05:00","@version":"1","level":"INFO","logger_name":"org.flywaydb.core.internal.command.DbMigrate","thread_name":"restartedMain","message":"Schema `sistema_facturacion2` is up to date. No migration necessary."}
{"@timestamp":"2026-05-11T15:09:15.7794636-05:00","@version":"1","level":"INFO","logger_name":"org.hibernate.orm.jpa","thread_name":"restartedMain","message":"HHH008540: Processing PersistenceUnitInfo [name: default]"}
{"@timestamp":"2026-05-11T15:09:15.9125503-05:00","@version":"1","level":"INFO","logger_name":"org.springframework.orm.jpa.persistenceunit.SpringPersistenceUnitInfo","thread_name":"restartedMain","message":"No LoadTimeWeaver setup: ignoring JPA class transformer"}
{"@timestamp":"2026-05-11T15:09:15.9195404-05:00","@version":"1","level":"INFO","logger_name":"org.hibernate.orm.connections.pooling","thread_name":"restartedMain","message":"HHH10001005: Database info:\n\tDatabase JDBC URL [jdbc:mysql://localhost:3306/sistema_facturacion2?useSSL=false&serverTimezone=America/Bogota&allowPublicKeyRetrieval=true&createDatabaseIfNotExist=true&disabledAuthenticationPlugins=mysql_native_password]\n\tDatabase driver: MySQL Connector/J\n\tDatabase dialect: MySQLDialect\n\tDatabase version: 8.4.6\n\tDefault catalog/schema: sistema_facturacion2/undefined\n\tAutocommit mode: undefined/unknown\n\tIsolation level: REPEATABLE_READ [default REPEATABLE_READ]\n\tJDBC fetch size: none\n\tPool: DataSourceConnectionProvider\n\tMinimum pool size: undefined/unknown\n\tMaximum pool size: undefined/unknown"}
{"@timestamp":"2026-05-11T15:09:16.4985497-05:00","@version":"1","level":"INFO","logger_name":"org.hibernate.orm.core","thread_name":"restartedMain","message":"HHH000489: No JTA platform available (set 'hibernate.transaction.jta.platform' to enable JTA platform integration)"}
{"@timestamp":"2026-05-11T15:09:16.5225474-05:00","@version":"1","level":"INFO","logger_name":"org.springframework.orm.jpa.LocalContainerEntityManagerFactoryBean","thread_name":"restartedMain","message":"Initialized JPA EntityManagerFactory for persistence unit 'default'"}
{"@timestamp":"2026-05-11T15:09:17.4565594-05:00","@version":"1","level":"INFO","logger_name":"org.springframework.security.config.annotation.authentication.configuration.InitializeAuthenticationProviderBeanManagerConfigurer$InitializeAuthenticationProviderManagerConfigurer","thread_name":"restartedMain","message":"Global AuthenticationManager configured with AuthenticationProvider bean with name authenticationProvider"}
{"@timestamp":"2026-05-11T15:09:17.4745612-05:00","@version":"1","level":"WARN","logger_name":"org.springframework.security.config.annotation.authentication.configuration.InitializeUserDetailsBeanManagerConfigurer$InitializeUserDetailsManagerConfigurer","thread_name":"restartedMain","message":"Global AuthenticationManager configured with an AuthenticationProvider bean. UserDetailsService beans will not be used by Spring Security for automatically configuring username/password login. Consider removing the AuthenticationProvider bean. Alternatively, consider using the UserDetailsService in a manually instantiated DaoAuthenticationProvider. If the current configuration is intentional, to turn off this warning, increase the logging level of 'org.springframework.security.config.annotation.authentication.configuration.InitializeUserDetailsBeanManagerConfigurer' to ERROR"}
{"@timestamp":"2026-05-11T15:09:18.4455762-05:00","@version":"1","level":"DEBUG","logger_name":"org.springframework.security.web.DefaultSecurityFilterChain","thread_name":"restartedMain","message":"Will secure any request with filters: DisableEncodeUrlFilter, WebAsyncManagerIntegrationFilter, SecurityContextHolderFilter, HeaderWriterFilter, CorsFilter, LogoutFilter, JwtAuthenticationFilter, RequestCacheAwareFilter, SecurityContextHolderAwareRequestFilter, AnonymousAuthenticationFilter, SessionManagementFilter, ExceptionTranslationFilter, AuthorizationFilter"}
{"@timestamp":"2026-05-11T15:09:30.356561-05:00","@version":"1","level":"INFO","logger_name":"org.apache.coyote.http11.Http11NioProtocol","thread_name":"restartedMain","message":"Starting ProtocolHandler [\"http-nio-8080\"]"}
{"@timestamp":"2026-05-11T15:09:30.373565-05:00","@version":"1","level":"INFO","logger_name":"org.springframework.boot.tomcat.TomcatWebServer","thread_name":"restartedMain","message":"Tomcat started on port 8080 (http) with context path '/api'"}
{"@timestamp":"2026-05-11T15:09:30.3785632-05:00","@version":"1","level":"INFO","logger_name":"com.sistema.facturacion2.Facturacion2Application","thread_name":"restartedMain","message":"Started Facturacion2Application in 18.075 seconds (process running for 3775.168)"}
{"@timestamp":"2026-05-11T15:09:30.3825664-05:00","@version":"1","level":"INFO","logger_name":"org.springframework.boot.devtools.autoconfigure.ConditionEvaluationDeltaLoggingListener","thread_name":"restartedMain","message":"Condition evaluation unchanged"}
{"@timestamp":"2026-05-11T15:29:05.606396-05:00","@version":"1","level":"INFO","logger_name":"org.springframework.boot.devtools.autoconfigure.LocalDevToolsAutoConfiguration$RestartingClassPathChangeChangedEventListener","thread_name":"File Watcher","message":"Restarting due to 59 class path changes (0 additions, 59 deletions, 0 modifications)"}
{"@timestamp":"2026-05-11T15:29:05.6523968-05:00","@version":"1","level":"INFO","logger_name":"org.springframework.boot.tomcat.GracefulShutdown","thread_name":"Thread-5","message":"Commencing graceful shutdown. Waiting for active requests to complete"}
{"@timestamp":"2026-05-11T15:29:05.7534018-05:00","@version":"1","level":"INFO","logger_name":"org.apache.coyote.http11.Http11NioProtocol","thread_name":"tomcat-shutdown","message":"Pausing ProtocolHandler [\"http-nio-8080\"]"}
{"@timestamp":"2026-05-11T15:29:06.4154756-05:00","@version":"1","level":"INFO","logger_name":"org.springframework.boot.tomcat.GracefulShutdown","thread_name":"tomcat-shutdown","message":"Graceful shutdown complete"}
{"@timestamp":"2026-05-11T15:29:06.4174788-05:00","@version":"1","level":"INFO","logger_name":"org.apache.coyote.http11.Http11NioProtocol","thread_name":"Thread-5","message":"Stopping ProtocolHandler [\"http-nio-8080\"]"}
{"@timestamp":"2026-05-11T15:29:06.425474-05:00","@version":"1","level":"INFO","logger_name":"org.springframework.orm.jpa.LocalContainerEntityManagerFactoryBean","thread_name":"Thread-5","message":"Closing JPA EntityManagerFactory for persistence unit 'default'"}
{"@timestamp":"2026-05-11T15:29:06.4264798-05:00","@version":"1","level":"INFO","logger_name":"com.zaxxer.hikari.HikariDataSource","thread_name":"Thread-5","message":"HikariPool-3 - Shutdown initiated..."}
{"@timestamp":"2026-05-11T15:29:06.4454802-05:00","@version":"1","level":"INFO","logger_name":"com.zaxxer.hikari.HikariDataSource","thread_name":"Thread-5","message":"HikariPool-3 - Shutdown completed."}
{"@timestamp":"2026-05-11T15:29:07.4194899-05:00","@version":"1","level":"INFO","logger_name":"com.sistema.facturacion2.Facturacion2Application","thread_name":"restartedMain","message":"Starting Facturacion2Application using Java 25 with PID 15372 (C:\\Users\\HP\\Downloads\\facturacion2\\facturacion2\\target\\classes started by HP in C:\\Users\\HP\\Downloads\\facturacion2\\facturacion2)"}
{"@timestamp":"2026-05-11T15:29:07.4204914-05:00","@version":"1","level":"INFO","logger_name":"com.sistema.facturacion2.Facturacion2Application","thread_name":"restartedMain","message":"No active profile set, falling back to 1 default profile: \"default\""}
{"@timestamp":"2026-05-11T15:29:08.7114983-05:00","@version":"1","level":"INFO","logger_name":"org.springframework.data.repository.config.RepositoryConfigurationDelegate","thread_name":"restartedMain","message":"Bootstrapping Spring Data JPA repositories in DEFAULT mode."}
{"@timestamp":"2026-05-11T15:29:08.7155005-05:00","@version":"1","level":"INFO","logger_name":"org.springframework.data.repository.config.RepositoryConfigurationDelegate","thread_name":"restartedMain","message":"Finished Spring Data repository scanning in 1 ms. Found 0 JPA repository interfaces."}
{"@timestamp":"2026-05-11T15:29:09.4115098-05:00","@version":"1","level":"INFO","logger_name":"org.springframework.boot.tomcat.TomcatWebServer","thread_name":"restartedMain","message":"Tomcat initialized with port 8080 (http)"}
{"@timestamp":"2026-05-11T15:29:09.4205191-05:00","@version":"1","level":"INFO","logger_name":"org.apache.coyote.http11.Http11NioProtocol","thread_name":"restartedMain","message":"Initializing ProtocolHandler [\"http-nio-8080\"]"}
{"@timestamp":"2026-05-11T15:29:09.4325101-05:00","@version":"1","level":"INFO","logger_name":"org.apache.catalina.core.StandardService","thread_name":"restartedMain","message":"Starting service [Tomcat]"}
{"@timestamp":"2026-05-11T15:29:09.4335161-05:00","@version":"1","level":"INFO","logger_name":"org.apache.catalina.core.StandardEngine","thread_name":"restartedMain","message":"Starting Servlet engine: [Apache Tomcat/11.0.18]"}
{"@timestamp":"2026-05-11T15:29:09.5745113-05:00","@version":"1","level":"INFO","logger_name":"org.springframework.boot.web.context.servlet.WebApplicationContextInitializer","thread_name":"restartedMain","message":"Root WebApplicationContext: initialization completed in 2114 ms"}
{"@timestamp":"2026-05-11T15:29:10.0325161-05:00","@version":"1","level":"INFO","logger_name":"com.zaxxer.hikari.HikariDataSource","thread_name":"restartedMain","message":"HikariPool-4 - Starting..."}
{"@timestamp":"2026-05-11T15:29:10.0745183-05:00","@version":"1","level":"INFO","logger_name":"com.zaxxer.hikari.pool.HikariPool","thread_name":"restartedMain","message":"HikariPool-4 - Added connection com.mysql.cj.jdbc.ConnectionImpl@73ef0ca6"}
{"@timestamp":"2026-05-11T15:29:10.0745183-05:00","@version":"1","level":"INFO","logger_name":"com.zaxxer.hikari.HikariDataSource","thread_name":"restartedMain","message":"HikariPool-4 - Start completed."}
{"@timestamp":"2026-05-11T15:29:10.1005165-05:00","@version":"1","level":"INFO","logger_name":"org.flywaydb.core.FlywayExecutor","thread_name":"restartedMain","message":"Database: jdbc:mysql://localhost:3306/sistema_facturacion2?useSSL=false&serverTimezone=America/Bogota&allowPublicKeyRetrieval=true&createDatabaseIfNotExist=true&disabledAuthenticationPlugins=mysql_native_password (MySQL 8.4)"}
{"@timestamp":"2026-05-11T15:29:10.5035233-05:00","@version":"1","level":"WARN","logger_name":"org.flywaydb.core.internal.database.base.Database","thread_name":"restartedMain","message":"Using MySQL 8.4 which is newer than the version Flyway has been verified with. The latest verified version of MySQL is 8.1."}
{"@timestamp":"2026-05-11T15:29:10.7405257-05:00","@version":"1","level":"INFO","logger_name":"org.flywaydb.core.internal.command.DbValidate","thread_name":"restartedMain","message":"Successfully validated 2 migrations (execution time 00:00.226s)"}
{"@timestamp":"2026-05-11T15:29:10.7785247-05:00","@version":"1","level":"INFO","logger_name":"org.flywaydb.core.internal.command.DbMigrate","thread_name":"restartedMain","message":"Current version of schema `sistema_facturacion2`: 2"}
{"@timestamp":"2026-05-11T15:29:10.7805231-05:00","@version":"1","level":"INFO","logger_name":"org.flywaydb.core.internal.command.DbMigrate","thread_name":"restartedMain","message":"Schema `sistema_facturacion2` is up to date. No migration necessary."}
{"@timestamp":"2026-05-11T15:29:10.9075272-05:00","@version":"1","level":"INFO","logger_name":"org.hibernate.orm.jpa","thread_name":"restartedMain","message":"HHH008540: Processing PersistenceUnitInfo [name: default]"}
{"@timestamp":"2026-05-11T15:29:11.2425344-05:00","@version":"1","level":"INFO","logger_name":"org.springframework.orm.jpa.persistenceunit.SpringPersistenceUnitInfo","thread_name":"restartedMain","message":"No LoadTimeWeaver setup: ignoring JPA class transformer"}
{"@timestamp":"2026-05-11T15:29:11.3255338-05:00","@version":"1","level":"INFO","logger_name":"org.hibernate.orm.connections.pooling","thread_name":"restartedMain","message":"HHH10001005: Database info:\n\tDatabase JDBC URL [jdbc:mysql://localhost:3306/sistema_facturacion2?useSSL=false&serverTimezone=America/Bogota&allowPublicKeyRetrieval=true&createDatabaseIfNotExist=true&disabledAuthenticationPlugins=mysql_native_password]\n\tDatabase driver: MySQL Connector/J\n\tDatabase dialect: MySQLDialect\n\tDatabase version: 8.4.6\n\tDefault catalog/schema: sistema_facturacion2/undefined\n\tAutocommit mode: undefined/unknown\n\tIsolation level: REPEATABLE_READ [default REPEATABLE_READ]\n\tJDBC fetch size: none\n\tPool: DataSourceConnectionProvider\n\tMinimum pool size: undefined/unknown\n\tMaximum pool size: undefined/unknown"}
{"@timestamp":"2026-05-11T15:29:11.5655341-05:00","@version":"1","level":"INFO","logger_name":"org.hibernate.orm.core","thread_name":"restartedMain","message":"HHH000489: No JTA platform available (set 'hibernate.transaction.jta.platform' to enable JTA platform integration)"}
{"@timestamp":"2026-05-11T15:29:11.8345377-05:00","@version":"1","level":"INFO","logger_name":"org.springframework.orm.jpa.LocalContainerEntityManagerFactoryBean","thread_name":"restartedMain","message":"Initialized JPA EntityManagerFactory for persistence unit 'default'"}
{"@timestamp":"2026-05-11T15:29:17.5724064-05:00","@version":"1","level":"WARN","logger_name":"org.springframework.boot.security.autoconfigure.UserDetailsServiceAutoConfiguration","thread_name":"restartedMain","message":"\r\n\r\nUsing generated security password: 8a15d348-6624-44d6-929e-92eb403c42b6\r\n\r\nThis generated password is for development use only. Your security configuration must be updated before running your application in production.\r\n"}
{"@timestamp":"2026-05-11T15:29:17.6344071-05:00","@version":"1","level":"INFO","logger_name":"org.springframework.security.config.annotation.authentication.configuration.InitializeUserDetailsBeanManagerConfigurer$InitializeUserDetailsManagerConfigurer","thread_name":"restartedMain","message":"Global AuthenticationManager configured with UserDetailsService bean with name inMemoryUserDetailsManager"}
{"@timestamp":"2026-05-11T15:29:17.9064144-05:00","@version":"1","level":"DEBUG","logger_name":"org.springframework.security.web.DefaultSecurityFilterChain","thread_name":"restartedMain","message":"Will secure any request with filters: DisableEncodeUrlFilter, WebAsyncManagerIntegrationFilter, SecurityContextHolderFilter, HeaderWriterFilter, CsrfFilter, LogoutFilter, UsernamePasswordAuthenticationFilter, DefaultResourcesFilter, DefaultLoginPageGeneratingFilter, DefaultLogoutPageGeneratingFilter, BasicAuthenticationFilter, RequestCacheAwareFilter, SecurityContextHolderAwareRequestFilter, AnonymousAuthenticationFilter, ExceptionTranslationFilter, AuthorizationFilter"}
{"@timestamp":"2026-05-11T15:29:17.9704149-05:00","@version":"1","level":"INFO","logger_name":"org.apache.coyote.http11.Http11NioProtocol","thread_name":"restartedMain","message":"Starting ProtocolHandler [\"http-nio-8080\"]"}
{"@timestamp":"2026-05-11T15:29:18.0134145-05:00","@version":"1","level":"INFO","logger_name":"org.springframework.boot.tomcat.TomcatWebServer","thread_name":"restartedMain","message":"Tomcat started on port 8080 (http) with context path '/api'"}
{"@timestamp":"2026-05-11T15:29:18.0464154-05:00","@version":"1","level":"INFO","logger_name":"com.sistema.facturacion2.Facturacion2Application","thread_name":"restartedMain","message":"Started Facturacion2Application in 10.874 seconds (process running for 4962.82)"}
{"@timestamp":"2026-05-11T15:29:18.0594147-05:00","@version":"1","level":"INFO","logger_name":"org.springframework.boot.devtools.autoconfigure.ConditionEvaluationDeltaLoggingListener","thread_name":"restartedMain","message":"Condition evaluation delta:\r\n\r\n\r\n==========================\r\nCONDITION EVALUATION DELTA\r\n==========================\r\n\r\n\r\nPositive matches:\r\n-----------------\r\n\r\n   ServletWebSecurityAutoConfiguration.EnableWebSecurityConfiguration matched:\r\n      - @ConditionalOnClass found required class 'org.springframework.security.config.annotation.web.configuration.EnableWebSecurity' (OnClassCondition)\r\n      - @ConditionalOnMissingBean (names: springSecurityFilterChain; SearchStrategy: all) did not find any beans (OnBeanCondition)\r\n\r\n   ServletWebSecurityAutoConfiguration.SecurityFilterChainConfiguration matched:\r\n      - AllNestedConditions 2 matched 0 did not; NestedCondition on DefaultWebSecurityCondition.Beans @ConditionalOnMissingBean (types: org.springframework.security.web.SecurityFilterChain; SearchStrategy: all) did not find any beans; NestedCondition on DefaultWebSecurityCondition.Classes @ConditionalOnClass found required classes 'org.springframework.security.web.SecurityFilterChain', 'org.springframework.security.config.annotation.web.builders.HttpSecurity' (DefaultWebSecurityCondition)\r\n\r\n   UserDetailsServiceAutoConfiguration matched:\r\n      - @ConditionalOnClass found required class 'org.springframework.security.authentication.AuthenticationManager' (OnClassCondition)\r\n      - found 'session' scope (OnWebApplicationCondition)\r\n      - AnyNestedCondition 1 matched 2 did not; NestedCondition on MissingAlternativeUserDetailsManagerOrUserPropertiesConfigured.PasswordConfigured @ConditionalOnProperty (spring.security.user.password) did not find property 'spring.security.user.password'; NestedCondition on MissingAlternativeUserDetailsManagerOrUserPropertiesConfigured.NameConfigured @ConditionalOnProperty (spring.security.user.name) did not find property 'spring.security.user.name'; NestedCondition on MissingAlternativeUserDetailsManagerOrUserPropertiesConfigured.MissingAlternative @ConditionalOnMissingClass did not find unwanted classes 'org.springframework.security.oauth2.client.registration.ClientRegistrationRepository', 'org.springframework.security.oauth2.server.resource.introspection.OpaqueTokenIntrospector', 'org.springframework.security.saml2.provider.service.registration.RelyingPartyRegistrationRepository' (MissingAlternativeUserDetailsManagerOrUserPropertiesConfigured)\r\n      - @ConditionalOnMissingBean (types: org.springframework.security.authentication.AuthenticationManager,org.springframework.security.authentication.AuthenticationProvider,org.springframework.security.core.userdetails.UserDetailsService,org.springframework.security.authentication.AuthenticationManagerResolver,org.springframework.security.oauth2.jwt.JwtDecoder; SearchStrategy: all) did not find any beans (OnBeanCondition)\r\n\r\n\r\nNegative matches:\r\n-----------------\r\n\r\n    None\r\n\r\n\r\nExclusions:\r\n-----------\r\n\r\n    None\r\n\r\n\r\nUnconditional classes:\r\n----------------------\r\n\r\n    None\r\n\r\n\r\n"}
{"@timestamp":"2026-05-11T15:29:24.3804748-05:00","@version":"1","level":"INFO","logger_name":"org.springframework.boot.devtools.autoconfigure.LocalDevToolsAutoConfiguration$RestartingClassPathChangeChangedEventListener","thread_name":"File Watcher","message":"Restarting due to 3 class path changes (3 additions, 0 deletions, 0 modifications)"}
{"@timestamp":"2026-05-11T15:29:24.3854809-05:00","@version":"1","level":"INFO","logger_name":"org.springframework.boot.tomcat.GracefulShutdown","thread_name":"Thread-12","message":"Commencing graceful shutdown. Waiting for active requests to complete"}
{"@timestamp":"2026-05-11T15:29:24.3904756-05:00","@version":"1","level":"INFO","logger_name":"org.apache.coyote.http11.Http11NioProtocol","thread_name":"tomcat-shutdown","message":"Pausing ProtocolHandler [\"http-nio-8080\"]"}
{"@timestamp":"2026-05-11T15:29:24.4274773-05:00","@version":"1","level":"INFO","logger_name":"org.springframework.boot.tomcat.GracefulShutdown","thread_name":"tomcat-shutdown","message":"Graceful shutdown complete"}
{"@timestamp":"2026-05-11T15:29:24.4284779-05:00","@version":"1","level":"INFO","logger_name":"org.apache.coyote.http11.Http11NioProtocol","thread_name":"Thread-12","message":"Stopping ProtocolHandler [\"http-nio-8080\"]"}
{"@timestamp":"2026-05-11T15:29:24.432477-05:00","@version":"1","level":"INFO","logger_name":"org.springframework.orm.jpa.LocalContainerEntityManagerFactoryBean","thread_name":"Thread-12","message":"Closing JPA EntityManagerFactory for persistence unit 'default'"}
{"@timestamp":"2026-05-11T15:29:24.4334766-05:00","@version":"1","level":"INFO","logger_name":"com.zaxxer.hikari.HikariDataSource","thread_name":"Thread-12","message":"HikariPool-4 - Shutdown initiated..."}
{"@timestamp":"2026-05-11T15:29:24.4564765-05:00","@version":"1","level":"INFO","logger_name":"com.zaxxer.hikari.HikariDataSource","thread_name":"Thread-12","message":"HikariPool-4 - Shutdown completed."}
{"@timestamp":"2026-05-11T15:29:24.8064807-05:00","@version":"1","level":"INFO","logger_name":"com.sistema.facturacion2.Facturacion2Application","thread_name":"restartedMain","message":"Starting Facturacion2Application using Java 25 with PID 15372 (C:\\Users\\HP\\Downloads\\facturacion2\\facturacion2\\target\\classes started by HP in C:\\Users\\HP\\Downloads\\facturacion2\\facturacion2)"}
{"@timestamp":"2026-05-11T15:29:24.8074817-05:00","@version":"1","level":"INFO","logger_name":"com.sistema.facturacion2.Facturacion2Application","thread_name":"restartedMain","message":"No active profile set, falling back to 1 default profile: \"default\""}
{"@timestamp":"2026-05-11T15:29:25.8044887-05:00","@version":"1","level":"INFO","logger_name":"org.springframework.data.repository.config.RepositoryConfigurationDelegate","thread_name":"restartedMain","message":"Bootstrapping Spring Data JPA repositories in DEFAULT mode."}
{"@timestamp":"2026-05-11T15:29:25.9374332-05:00","@version":"1","level":"INFO","logger_name":"org.springframework.data.repository.config.RepositoryConfigurationDelegate","thread_name":"restartedMain","message":"Finished Spring Data repository scanning in 121 ms. Found 2 JPA repository interfaces."}
{"@timestamp":"2026-05-11T15:29:26.3094319-05:00","@version":"1","level":"INFO","logger_name":"org.springframework.boot.tomcat.TomcatWebServer","thread_name":"restartedMain","message":"Tomcat initialized with port 8080 (http)"}
{"@timestamp":"2026-05-11T15:29:26.3114326-05:00","@version":"1","level":"INFO","logger_name":"org.apache.coyote.http11.Http11NioProtocol","thread_name":"restartedMain","message":"Initializing ProtocolHandler [\"http-nio-8080\"]"}
{"@timestamp":"2026-05-11T15:29:26.3114326-05:00","@version":"1","level":"INFO","logger_name":"org.apache.catalina.core.StandardService","thread_name":"restartedMain","message":"Starting service [Tomcat]"}
{"@timestamp":"2026-05-11T15:29:26.3134319-05:00","@version":"1","level":"INFO","logger_name":"org.apache.catalina.core.StandardEngine","thread_name":"restartedMain","message":"Starting Servlet engine: [Apache Tomcat/11.0.18]"}
{"@timestamp":"2026-05-11T15:29:26.4014352-05:00","@version":"1","level":"INFO","logger_name":"org.springframework.boot.web.context.servlet.WebApplicationContextInitializer","thread_name":"restartedMain","message":"Root WebApplicationContext: initialization completed in 1590 ms"}
{"@timestamp":"2026-05-11T15:29:26.6804376-05:00","@version":"1","level":"INFO","logger_name":"com.zaxxer.hikari.HikariDataSource","thread_name":"restartedMain","message":"HikariPool-5 - Starting..."}
{"@timestamp":"2026-05-11T15:29:26.6944388-05:00","@version":"1","level":"INFO","logger_name":"com.zaxxer.hikari.pool.HikariPool","thread_name":"restartedMain","message":"HikariPool-5 - Added connection com.mysql.cj.jdbc.ConnectionImpl@3bc2022a"}
{"@timestamp":"2026-05-11T15:29:26.6944388-05:00","@version":"1","level":"INFO","logger_name":"com.zaxxer.hikari.HikariDataSource","thread_name":"restartedMain","message":"HikariPool-5 - Start completed."}
{"@timestamp":"2026-05-11T15:29:26.7014325-05:00","@version":"1","level":"INFO","logger_name":"org.flywaydb.core.FlywayExecutor","thread_name":"restartedMain","message":"Database: jdbc:mysql://localhost:3306/sistema_facturacion2?useSSL=false&serverTimezone=America/Bogota&allowPublicKeyRetrieval=true&createDatabaseIfNotExist=true&disabledAuthenticationPlugins=mysql_native_password (MySQL 8.4)"}
{"@timestamp":"2026-05-11T15:29:26.7134356-05:00","@version":"1","level":"WARN","logger_name":"org.flywaydb.core.internal.database.base.Database","thread_name":"restartedMain","message":"Using MySQL 8.4 which is newer than the version Flyway has been verified with. The latest verified version of MySQL is 8.1."}
{"@timestamp":"2026-05-11T15:29:26.7334399-05:00","@version":"1","level":"INFO","logger_name":"org.flywaydb.core.internal.command.DbValidate","thread_name":"restartedMain","message":"Successfully validated 2 migrations (execution time 00:00.014s)"}
{"@timestamp":"2026-05-11T15:29:26.7554361-05:00","@version":"1","level":"INFO","logger_name":"org.flywaydb.core.internal.command.DbMigrate","thread_name":"restartedMain","message":"Current version of schema `sistema_facturacion2`: 2"}
{"@timestamp":"2026-05-11T15:29:26.756439-05:00","@version":"1","level":"INFO","logger_name":"org.flywaydb.core.internal.command.DbMigrate","thread_name":"restartedMain","message":"Schema `sistema_facturacion2` is up to date. No migration necessary."}
{"@timestamp":"2026-05-11T15:29:26.8084383-05:00","@version":"1","level":"INFO","logger_name":"org.hibernate.orm.jpa","thread_name":"restartedMain","message":"HHH008540: Processing PersistenceUnitInfo [name: default]"}
{"@timestamp":"2026-05-11T15:29:26.9564433-05:00","@version":"1","level":"INFO","logger_name":"org.springframework.orm.jpa.persistenceunit.SpringPersistenceUnitInfo","thread_name":"restartedMain","message":"No LoadTimeWeaver setup: ignoring JPA class transformer"}
{"@timestamp":"2026-05-11T15:29:26.9624414-05:00","@version":"1","level":"INFO","logger_name":"org.hibernate.orm.connections.pooling","thread_name":"restartedMain","message":"HHH10001005: Database info:\n\tDatabase JDBC URL [jdbc:mysql://localhost:3306/sistema_facturacion2?useSSL=false&serverTimezone=America/Bogota&allowPublicKeyRetrieval=true&createDatabaseIfNotExist=true&disabledAuthenticationPlugins=mysql_native_password]\n\tDatabase driver: MySQL Connector/J\n\tDatabase dialect: MySQLDialect\n\tDatabase version: 8.4.6\n\tDefault catalog/schema: sistema_facturacion2/undefined\n\tAutocommit mode: undefined/unknown\n\tIsolation level: REPEATABLE_READ [default REPEATABLE_READ]\n\tJDBC fetch size: none\n\tPool: DataSourceConnectionProvider\n\tMinimum pool size: undefined/unknown\n\tMaximum pool size: undefined/unknown"}
{"@timestamp":"2026-05-11T15:29:32.4884923-05:00","@version":"1","level":"INFO","logger_name":"org.hibernate.orm.core","thread_name":"restartedMain","message":"HHH000489: No JTA platform available (set 'hibernate.transaction.jta.platform' to enable JTA platform integration)"}
{"@timestamp":"2026-05-11T15:29:32.5084929-05:00","@version":"1","level":"INFO","logger_name":"org.springframework.orm.jpa.LocalContainerEntityManagerFactoryBean","thread_name":"restartedMain","message":"Initialized JPA EntityManagerFactory for persistence unit 'default'"}
{"@timestamp":"2026-05-11T15:29:32.7134965-05:00","@version":"1","level":"WARN","logger_name":"org.springframework.boot.web.server.servlet.context.AnnotationConfigServletWebServerApplicationContext","thread_name":"restartedMain","message":"Exception encountered during context initialization - cancelling refresh attempt: org.springframework.beans.factory.UnsatisfiedDependencyException: Error creating bean with name 'adminController' defined in file [C:\\Users\\HP\\Downloads\\facturacion2\\facturacion2\\target\\classes\\com\\sistema\\facturacion2\\controller\\AdminController.class]: Unsatisfied dependency expressed through constructor parameter 0: Error creating bean with name 'userService' defined in file [C:\\Users\\HP\\Downloads\\facturacion2\\facturacion2\\target\\classes\\com\\sistema\\facturacion2\\service\\UserService.class]: Unsatisfied dependency expressed through constructor parameter 3: No qualifying bean of type 'org.springframework.security.crypto.password.PasswordEncoder' available: expected at least 1 bean which qualifies as autowire candidate. Dependency annotations: {}"}
{"@timestamp":"2026-05-11T15:29:32.714495-05:00","@version":"1","level":"INFO","logger_name":"org.springframework.orm.jpa.LocalContainerEntityManagerFactoryBean","thread_name":"restartedMain","message":"Closing JPA EntityManagerFactory for persistence unit 'default'"}
{"@timestamp":"2026-05-11T15:29:32.7154968-05:00","@version":"1","level":"INFO","logger_name":"com.zaxxer.hikari.HikariDataSource","thread_name":"restartedMain","message":"HikariPool-5 - Shutdown initiated..."}
{"@timestamp":"2026-05-11T15:29:32.7524938-05:00","@version":"1","level":"INFO","logger_name":"com.zaxxer.hikari.HikariDataSource","thread_name":"restartedMain","message":"HikariPool-5 - Shutdown completed."}
{"@timestamp":"2026-05-11T15:29:32.7534999-05:00","@version":"1","level":"INFO","logger_name":"org.apache.catalina.core.StandardService","thread_name":"restartedMain","message":"Stopping service [Tomcat]"}
{"@timestamp":"2026-05-11T15:29:32.7574967-05:00","@version":"1","level":"INFO","logger_name":"org.springframework.boot.autoconfigure.logging.ConditionEvaluationReportLogger","thread_name":"restartedMain","message":"\r\n\r\nError starting ApplicationContext. To display the condition evaluation report re-run your application with 'debug' enabled."}
{"@timestamp":"2026-05-11T15:29:32.7664976-05:00","@version":"1","level":"ERROR","logger_name":"org.springframework.boot.diagnostics.LoggingFailureAnalysisReporter","thread_name":"restartedMain","message":"\r\n\r\n***************************\r\nAPPLICATION FAILED TO START\r\n***************************\r\n\r\nDescription:\r\n\r\nParameter 3 of constructor in com.sistema.facturacion2.service.UserService required a bean of type 'org.springframework.security.crypto.password.PasswordEncoder' that could not be found.\r\n\r\n\r\nAction:\r\n\r\nConsider defining a bean of type 'org.springframework.security.crypto.password.PasswordEncoder' in your configuration.\r\n"}
{"@timestamp":"2026-05-11T15:29:34.7545184-05:00","@version":"1","level":"INFO","logger_name":"com.sistema.facturacion2.Facturacion2Application","thread_name":"restartedMain","message":"Starting Facturacion2Application using Java 25 with PID 15372 (C:\\Users\\HP\\Downloads\\facturacion2\\facturacion2\\target\\classes started by HP in C:\\Users\\HP\\Downloads\\facturacion2\\facturacion2)"}
{"@timestamp":"2026-05-11T15:29:34.7695149-05:00","@version":"1","level":"INFO","logger_name":"com.sistema.facturacion2.Facturacion2Application","thread_name":"restartedMain","message":"No active profile set, falling back to 1 default profile: \"default\""}
{"@timestamp":"2026-05-11T15:29:36.1816244-05:00","@version":"1","level":"INFO","logger_name":"org.springframework.data.repository.config.RepositoryConfigurationDelegate","thread_name":"restartedMain","message":"Bootstrapping Spring Data JPA repositories in DEFAULT mode."}
{"@timestamp":"2026-05-11T15:29:36.2806247-05:00","@version":"1","level":"INFO","logger_name":"org.springframework.data.repository.config.RepositoryConfigurationDelegate","thread_name":"restartedMain","message":"Finished Spring Data repository scanning in 85 ms. Found 5 JPA repository interfaces."}
{"@timestamp":"2026-05-11T15:29:38.0816428-05:00","@version":"1","level":"INFO","logger_name":"org.springframework.boot.tomcat.TomcatWebServer","thread_name":"restartedMain","message":"Tomcat initialized with port 8080 (http)"}
{"@timestamp":"2026-05-11T15:29:38.0866404-05:00","@version":"1","level":"INFO","logger_name":"org.apache.coyote.http11.Http11NioProtocol","thread_name":"restartedMain","message":"Initializing ProtocolHandler [\"http-nio-8080\"]"}
{"@timestamp":"2026-05-11T15:29:38.0876402-05:00","@version":"1","level":"INFO","logger_name":"org.apache.catalina.core.StandardService","thread_name":"restartedMain","message":"Starting service [Tomcat]"}
{"@timestamp":"2026-05-11T15:29:38.0886454-05:00","@version":"1","level":"INFO","logger_name":"org.apache.catalina.core.StandardEngine","thread_name":"restartedMain","message":"Starting Servlet engine: [Apache Tomcat/11.0.18]"}
{"@timestamp":"2026-05-11T15:29:38.2476452-05:00","@version":"1","level":"INFO","logger_name":"org.springframework.boot.web.context.servlet.WebApplicationContextInitializer","thread_name":"restartedMain","message":"Root WebApplicationContext: initialization completed in 3473 ms"}
{"@timestamp":"2026-05-11T15:29:38.8296462-05:00","@version":"1","level":"INFO","logger_name":"com.zaxxer.hikari.HikariDataSource","thread_name":"restartedMain","message":"HikariPool-6 - Starting..."}
{"@timestamp":"2026-05-11T15:29:38.838661-05:00","@version":"1","level":"INFO","logger_name":"com.zaxxer.hikari.pool.HikariPool","thread_name":"restartedMain","message":"HikariPool-6 - Added connection com.mysql.cj.jdbc.ConnectionImpl@74e37dfe"}
{"@timestamp":"2026-05-11T15:29:38.8396469-05:00","@version":"1","level":"INFO","logger_name":"com.zaxxer.hikari.HikariDataSource","thread_name":"restartedMain","message":"HikariPool-6 - Start completed."}
{"@timestamp":"2026-05-11T15:29:38.8536436-05:00","@version":"1","level":"INFO","logger_name":"org.flywaydb.core.FlywayExecutor","thread_name":"restartedMain","message":"Database: jdbc:mysql://localhost:3306/sistema_facturacion2?useSSL=false&serverTimezone=America/Bogota&allowPublicKeyRetrieval=true&createDatabaseIfNotExist=true&disabledAuthenticationPlugins=mysql_native_password (MySQL 8.4)"}
{"@timestamp":"2026-05-11T15:29:38.8636497-05:00","@version":"1","level":"WARN","logger_name":"org.flywaydb.core.internal.database.base.Database","thread_name":"restartedMain","message":"Using MySQL 8.4 which is newer than the version Flyway has been verified with. The latest verified version of MySQL is 8.1."}
{"@timestamp":"2026-05-11T15:29:38.8826523-05:00","@version":"1","level":"INFO","logger_name":"org.flywaydb.core.internal.command.DbValidate","thread_name":"restartedMain","message":"Successfully validated 2 migrations (execution time 00:00.014s)"}
{"@timestamp":"2026-05-11T15:29:38.9026512-05:00","@version":"1","level":"INFO","logger_name":"org.flywaydb.core.internal.command.DbMigrate","thread_name":"restartedMain","message":"Current version of schema `sistema_facturacion2`: 2"}
{"@timestamp":"2026-05-11T15:29:38.905653-05:00","@version":"1","level":"INFO","logger_name":"org.flywaydb.core.internal.command.DbMigrate","thread_name":"restartedMain","message":"Schema `sistema_facturacion2` is up to date. No migration necessary."}
{"@timestamp":"2026-05-11T15:29:38.9496536-05:00","@version":"1","level":"INFO","logger_name":"org.hibernate.orm.jpa","thread_name":"restartedMain","message":"HHH008540: Processing PersistenceUnitInfo [name: default]"}
{"@timestamp":"2026-05-11T15:29:39.4196566-05:00","@version":"1","level":"INFO","logger_name":"org.springframework.orm.jpa.persistenceunit.SpringPersistenceUnitInfo","thread_name":"restartedMain","message":"No LoadTimeWeaver setup: ignoring JPA class transformer"}
{"@timestamp":"2026-05-11T15:29:39.4256532-05:00","@version":"1","level":"INFO","logger_name":"org.hibernate.orm.connections.pooling","thread_name":"restartedMain","message":"HHH10001005: Database info:\n\tDatabase JDBC URL [jdbc:mysql://localhost:3306/sistema_facturacion2?useSSL=false&serverTimezone=America/Bogota&allowPublicKeyRetrieval=true&createDatabaseIfNotExist=true&disabledAuthenticationPlugins=mysql_native_password]\n\tDatabase driver: MySQL Connector/J\n\tDatabase dialect: MySQLDialect\n\tDatabase version: 8.4.6\n\tDefault catalog/schema: sistema_facturacion2/undefined\n\tAutocommit mode: undefined/unknown\n\tIsolation level: REPEATABLE_READ [default REPEATABLE_READ]\n\tJDBC fetch size: none\n\tPool: DataSourceConnectionProvider\n\tMinimum pool size: undefined/unknown\n\tMaximum pool size: undefined/unknown"}
{"@timestamp":"2026-05-11T15:29:39.9576621-05:00","@version":"1","level":"INFO","logger_name":"org.hibernate.orm.core","thread_name":"restartedMain","message":"HHH000489: No JTA platform available (set 'hibernate.transaction.jta.platform' to enable JTA platform integration)"}
{"@timestamp":"2026-05-11T15:29:39.9736601-05:00","@version":"1","level":"INFO","logger_name":"org.springframework.orm.jpa.LocalContainerEntityManagerFactoryBean","thread_name":"restartedMain","message":"Initialized JPA EntityManagerFactory for persistence unit 'default'"}
{"@timestamp":"2026-05-11T15:29:40.8676725-05:00","@version":"1","level":"INFO","logger_name":"org.springframework.security.config.annotation.authentication.configuration.InitializeAuthenticationProviderBeanManagerConfigurer$InitializeAuthenticationProviderManagerConfigurer","thread_name":"restartedMain","message":"Global AuthenticationManager configured with AuthenticationProvider bean with name authenticationProvider"}
{"@timestamp":"2026-05-11T15:29:40.868672-05:00","@version":"1","level":"WARN","logger_name":"org.springframework.security.config.annotation.authentication.configuration.InitializeUserDetailsBeanManagerConfigurer$InitializeUserDetailsManagerConfigurer","thread_name":"restartedMain","message":"Global AuthenticationManager configured with an AuthenticationProvider bean. UserDetailsService beans will not be used by Spring Security for automatically configuring username/password login. Consider removing the AuthenticationProvider bean. Alternatively, consider using the UserDetailsService in a manually instantiated DaoAuthenticationProvider. If the current configuration is intentional, to turn off this warning, increase the logging level of 'org.springframework.security.config.annotation.authentication.configuration.InitializeUserDetailsBeanManagerConfigurer' to ERROR"}
{"@timestamp":"2026-05-11T15:29:42.5416788-05:00","@version":"1","level":"DEBUG","logger_name":"org.springframework.security.web.DefaultSecurityFilterChain","thread_name":"restartedMain","message":"Will secure any request with filters: DisableEncodeUrlFilter, WebAsyncManagerIntegrationFilter, SecurityContextHolderFilter, HeaderWriterFilter, CorsFilter, LogoutFilter, JwtAuthenticationFilter, RequestCacheAwareFilter, SecurityContextHolderAwareRequestFilter, AnonymousAuthenticationFilter, SessionManagementFilter, ExceptionTranslationFilter, AuthorizationFilter"}
{"@timestamp":"2026-05-11T15:29:51.5435297-05:00","@version":"1","level":"INFO","logger_name":"org.apache.coyote.http11.Http11NioProtocol","thread_name":"restartedMain","message":"Starting ProtocolHandler [\"http-nio-8080\"]"}
{"@timestamp":"2026-05-11T15:29:51.6685288-05:00","@version":"1","level":"INFO","logger_name":"org.springframework.boot.tomcat.TomcatWebServer","thread_name":"restartedMain","message":"Tomcat started on port 8080 (http) with context path '/api'"}
{"@timestamp":"2026-05-11T15:29:51.6765307-05:00","@version":"1","level":"INFO","logger_name":"com.sistema.facturacion2.Facturacion2Application","thread_name":"restartedMain","message":"Started Facturacion2Application in 17.285 seconds (process running for 4996.45)"}
{"@timestamp":"2026-05-11T15:29:51.6925297-05:00","@version":"1","level":"INFO","logger_name":"org.springframework.boot.devtools.autoconfigure.ConditionEvaluationDeltaLoggingListener","thread_name":"restartedMain","message":"Condition evaluation delta:\r\n\r\n\r\n==========================\r\nCONDITION EVALUATION DELTA\r\n==========================\r\n\r\n\r\nPositive matches:\r\n-----------------\r\n\r\n    None\r\n\r\n\r\nNegative matches:\r\n-----------------\r\n\r\n   ServletWebSecurityAutoConfiguration.EnableWebSecurityConfiguration:\r\n      Did not match:\r\n         - @ConditionalOnMissingBean (names: springSecurityFilterChain; SearchStrategy: all) found beans named springSecurityFilterChain (OnBeanCondition)\r\n      Matched:\r\n         - @ConditionalOnClass found required class 'org.springframework.security.config.annotation.web.configuration.EnableWebSecurity' (OnClassCondition)\r\n\r\n   ServletWebSecurityAutoConfiguration.SecurityFilterChainConfiguration:\r\n      Did not match:\r\n         - AllNestedConditions 1 matched 1 did not; NestedCondition on DefaultWebSecurityCondition.Beans @ConditionalOnMissingBean (types: org.springframework.security.web.SecurityFilterChain; SearchStrategy: all) found beans of type 'org.springframework.security.web.SecurityFilterChain' securityFilterChain; NestedCondition on DefaultWebSecurityCondition.Classes @ConditionalOnClass found required classes 'org.springframework.security.web.SecurityFilterChain', 'org.springframework.security.config.annotation.web.builders.HttpSecurity' (DefaultWebSecurityCondition)\r\n\r\n   UserDetailsServiceAutoConfiguration:\r\n      Did not match:\r\n         - @ConditionalOnMissingBean (types: org.springframework.security.authentication.AuthenticationManager,org.springframework.security.authentication.AuthenticationProvider,org.springframework.security.core.userdetails.UserDetailsService,org.springframework.security.authentication.AuthenticationManagerResolver,org.springframework.security.oauth2.jwt.JwtDecoder; SearchStrategy: all) found beans of type 'org.springframework.security.authentication.AuthenticationManager' authenticationManager and found beans of type 'org.springframework.security.core.userdetails.UserDetailsService' userDetailsServiceImpl and found beans of type 'org.springframework.security.authentication.AuthenticationProvider' authenticationProvider (OnBeanCondition)\r\n      Matched:\r\n         - @ConditionalOnClass found required class 'org.springframework.security.authentication.AuthenticationManager' (OnClassCondition)\r\n         - found 'session' scope (OnWebApplicationCondition)\r\n         - AnyNestedCondition 1 matched 2 did not; NestedCondition on MissingAlternativeUserDetailsManagerOrUserPropertiesConfigured.PasswordConfigured @ConditionalOnProperty (spring.security.user.password) did not find property 'spring.security.user.password'; NestedCondition on MissingAlternativeUserDetailsManagerOrUserPropertiesConfigured.NameConfigured @ConditionalOnProperty (spring.security.user.name) did not find property 'spring.security.user.name'; NestedCondition on MissingAlternativeUserDetailsManagerOrUserPropertiesConfigured.MissingAlternative @ConditionalOnMissingClass did not find unwanted classes 'org.springframework.security.oauth2.client.registration.ClientRegistrationRepository', 'org.springframework.security.oauth2.server.resource.introspection.OpaqueTokenIntrospector', 'org.springframework.security.saml2.provider.service.registration.RelyingPartyRegistrationRepository' (MissingAlternativeUserDetailsManagerOrUserPropertiesConfigured)\r\n\r\n\r\nExclusions:\r\n-----------\r\n\r\n    None\r\n\r\n\r\nUnconditional classes:\r\n----------------------\r\n\r\n    None\r\n\r\n\r\n"}
{"@timestamp":"2026-05-11T15:30:07.7793654-05:00","@version":"1","level":"INFO","logger_name":"com.sistema.facturacion2.Facturacion2ApplicationTests","thread_name":"main","message":"Starting Facturacion2ApplicationTests using Java 25 with PID 5628 (started by HP in C:\\Users\\HP\\Downloads\\facturacion2\\facturacion2)"}
{"@timestamp":"2026-05-11T15:30:07.7943662-05:00","@version":"1","level":"INFO","logger_name":"com.sistema.facturacion2.Facturacion2ApplicationTests","thread_name":"main","message":"No active profile set, falling back to 1 default profile: \"default\""}
{"@timestamp":"2026-05-11T15:30:12.3594071-05:00","@version":"1","level":"INFO","logger_name":"org.springframework.data.repository.config.RepositoryConfigurationDelegate","thread_name":"main","message":"Bootstrapping Spring Data JPA repositories in DEFAULT mode."}
{"@timestamp":"2026-05-11T15:30:12.8494139-05:00","@version":"1","level":"INFO","logger_name":"org.springframework.data.repository.config.RepositoryConfigurationDelegate","thread_name":"main","message":"Finished Spring Data repository scanning in 421 ms. Found 5 JPA repository interfaces."}
{"@timestamp":"2026-05-11T15:30:15.4194402-05:00","@version":"1","level":"INFO","logger_name":"com.zaxxer.hikari.HikariDataSource","thread_name":"main","message":"HikariPool-1 - Starting..."}
{"@timestamp":"2026-05-11T15:30:16.0155228-05:00","@version":"1","level":"INFO","logger_name":"com.zaxxer.hikari.pool.HikariPool","thread_name":"main","message":"HikariPool-1 - Added connection com.mysql.cj.jdbc.ConnectionImpl@393e6bdd"}
{"@timestamp":"2026-05-11T15:30:16.0195207-05:00","@version":"1","level":"INFO","logger_name":"com.zaxxer.hikari.HikariDataSource","thread_name":"main","message":"HikariPool-1 - Start completed."}
{"@timestamp":"2026-05-11T15:30:16.1335212-05:00","@version":"1","level":"INFO","logger_name":"org.flywaydb.core.FlywayExecutor","thread_name":"main","message":"Database: jdbc:mysql://localhost:3306/sistema_facturacion2?useSSL=false&serverTimezone=America/Bogota&allowPublicKeyRetrieval=true&createDatabaseIfNotExist=true&disabledAuthenticationPlugins=mysql_native_password (MySQL 8.4)"}
{"@timestamp":"2026-05-11T15:30:16.1755215-05:00","@version":"1","level":"WARN","logger_name":"org.flywaydb.core.internal.database.base.Database","thread_name":"main","message":"Using MySQL 8.4 which is newer than the version Flyway has been verified with. The latest verified version of MySQL is 8.1."}
{"@timestamp":"2026-05-11T15:30:16.2885266-05:00","@version":"1","level":"INFO","logger_name":"org.flywaydb.core.internal.command.DbValidate","thread_name":"main","message":"Successfully validated 2 migrations (execution time 00:00.079s)"}
{"@timestamp":"2026-05-11T15:30:16.3825229-05:00","@version":"1","level":"INFO","logger_name":"org.flywaydb.core.internal.command.DbMigrate","thread_name":"main","message":"Current version of schema `sistema_facturacion2`: 2"}
{"@timestamp":"2026-05-11T15:30:16.3935255-05:00","@version":"1","level":"INFO","logger_name":"org.flywaydb.core.internal.command.DbMigrate","thread_name":"main","message":"Schema `sistema_facturacion2` is up to date. No migration necessary."}
{"@timestamp":"2026-05-11T15:30:16.8575249-05:00","@version":"1","level":"INFO","logger_name":"org.hibernate.orm.jpa","thread_name":"main","message":"HHH008540: Processing PersistenceUnitInfo [name: default]"}
{"@timestamp":"2026-05-11T15:30:17.3205343-05:00","@version":"1","level":"INFO","logger_name":"org.hibernate.orm.core","thread_name":"main","message":"HHH000001: Hibernate ORM core version 7.2.4.Final"}
{"@timestamp":"2026-05-11T15:30:18.9295463-05:00","@version":"1","level":"INFO","logger_name":"org.springframework.orm.jpa.persistenceunit.SpringPersistenceUnitInfo","thread_name":"main","message":"No LoadTimeWeaver setup: ignoring JPA class transformer"}
{"@timestamp":"2026-05-11T15:30:19.2255553-05:00","@version":"1","level":"INFO","logger_name":"org.hibernate.orm.connections.pooling","thread_name":"main","message":"HHH10001005: Database info:\n\tDatabase JDBC URL [jdbc:mysql://localhost:3306/sistema_facturacion2?useSSL=false&serverTimezone=America/Bogota&allowPublicKeyRetrieval=true&createDatabaseIfNotExist=true&disabledAuthenticationPlugins=mysql_native_password]\n\tDatabase driver: MySQL Connector/J\n\tDatabase dialect: MySQLDialect\n\tDatabase version: 8.4.6\n\tDefault catalog/schema: sistema_facturacion2/undefined\n\tAutocommit mode: undefined/unknown\n\tIsolation level: REPEATABLE_READ [default REPEATABLE_READ]\n\tJDBC fetch size: none\n\tPool: DataSourceConnectionProvider\n\tMinimum pool size: undefined/unknown\n\tMaximum pool size: undefined/unknown"}
{"@timestamp":"2026-05-11T15:30:22.644585-05:00","@version":"1","level":"INFO","logger_name":"org.hibernate.orm.core","thread_name":"main","message":"HHH000489: No JTA platform available (set 'hibernate.transaction.jta.platform' to enable JTA platform integration)"}
{"@timestamp":"2026-05-11T15:30:22.8085847-05:00","@version":"1","level":"INFO","logger_name":"org.springframework.orm.jpa.LocalContainerEntityManagerFactoryBean","thread_name":"main","message":"Initialized JPA EntityManagerFactory for persistence unit 'default'"}
{"@timestamp":"2026-05-11T15:30:23.9115972-05:00","@version":"1","level":"INFO","logger_name":"org.springframework.data.jpa.repository.query.QueryEnhancerFactories","thread_name":"main","message":"Hibernate is in classpath; If applicable, HQL parser will be used."}
{"@timestamp":"2026-05-11T15:30:29.1077104-05:00","@version":"1","level":"INFO","logger_name":"org.springframework.security.config.annotation.authentication.configuration.InitializeAuthenticationProviderBeanManagerConfigurer$InitializeAuthenticationProviderManagerConfigurer","thread_name":"main","message":"Global AuthenticationManager configured with AuthenticationProvider bean with name authenticationProvider"}
{"@timestamp":"2026-05-11T15:30:29.1087105-05:00","@version":"1","level":"WARN","logger_name":"org.springframework.security.config.annotation.authentication.configuration.InitializeUserDetailsBeanManagerConfigurer$InitializeUserDetailsManagerConfigurer","thread_name":"main","message":"Global AuthenticationManager configured with an AuthenticationProvider bean. UserDetailsService beans will not be used by Spring Security for automatically configuring username/password login. Consider removing the AuthenticationProvider bean. Alternatively, consider using the UserDetailsService in a manually instantiated DaoAuthenticationProvider. If the current configuration is intentional, to turn off this warning, increase the logging level of 'org.springframework.security.config.annotation.authentication.configuration.InitializeUserDetailsBeanManagerConfigurer' to ERROR"}
{"@timestamp":"2026-05-11T15:30:32.6637531-05:00","@version":"1","level":"DEBUG","logger_name":"org.springframework.security.web.DefaultSecurityFilterChain","thread_name":"main","message":"Will secure any request with filters: DisableEncodeUrlFilter, WebAsyncManagerIntegrationFilter, SecurityContextHolderFilter, HeaderWriterFilter, CorsFilter, LogoutFilter, JwtAuthenticationFilter, RequestCacheAwareFilter, SecurityContextHolderAwareRequestFilter, AnonymousAuthenticationFilter, SessionManagementFilter, ExceptionTranslationFilter, AuthorizationFilter"}
{"@timestamp":"2026-05-11T15:30:34.7627654-05:00","@version":"1","level":"INFO","logger_name":"com.sistema.facturacion2.Facturacion2ApplicationTests","thread_name":"main","message":"Started Facturacion2ApplicationTests in 28.819 seconds (process running for 51.121)"}
{"@timestamp":"2026-05-11T15:30:36.5418514-05:00","@version":"1","level":"INFO","logger_name":"com.sistema.facturacion2.service.ProductService","thread_name":"main","message":"Intentando eliminar un producto con ID: 1"}
{"@timestamp":"2026-05-11T15:30:36.5608451-05:00","@version":"1","level":"INFO","logger_name":"com.sistema.facturacion2.service.ProductService","thread_name":"main","message":"solicitud para intentar crear nuevo producto: Laptop Dell"}
{"@timestamp":"2026-05-11T15:30:36.5618526-05:00","@version":"1","level":"WARN","logger_name":"com.sistema.facturacion2.service.ProductService","thread_name":"main","message":"No se pudo crear el producto. El 'Laptop Dell'nombre ya existe"}
{"@timestamp":"2026-05-11T15:30:36.5718558-05:00","@version":"1","level":"INFO","logger_name":"com.sistema.facturacion2.service.ProductService","thread_name":"main","message":"Intentando eliminar un producto con ID: 99"}
{"@timestamp":"2026-05-11T15:30:36.5728512-05:00","@version":"1","level":"ERROR","logger_name":"com.sistema.facturacion2.service.ProductService","thread_name":"main","message":"Fallo al eliminar: el producto con ID 99 no existe en BD"}
{"@timestamp":"2026-05-11T15:30:36.5928512-05:00","@version":"1","level":"INFO","logger_name":"com.sistema.facturacion2.service.ProductService","thread_name":"main","message":"Iniciando actualización del producto con ID: 1"}
{"@timestamp":"2026-05-11T15:30:36.6248484-05:00","@version":"1","level":"ERROR","logger_name":"com.sistema.facturacion2.service.ProductService","thread_name":"main","message":"Error al actualizar no se encontro el producto con ID: 1"}
{"@timestamp":"2026-05-11T15:30:36.6638527-05:00","@version":"1","level":"INFO","logger_name":"com.sistema.facturacion2.service.ProductService","thread_name":"main","message":"Iniciando actualización del producto con ID: 1"}
{"@timestamp":"2026-05-11T15:30:36.6668479-05:00","@version":"1","level":"INFO","logger_name":"com.sistema.facturacion2.service.ProductService","thread_name":"main","message":"Producto con ID: 1 actualizado correctamente"}
{"@timestamp":"2026-05-11T15:30:36.6798484-05:00","@version":"1","level":"INFO","logger_name":"com.sistema.facturacion2.service.ProductService","thread_name":"main","message":"solicitud para intentar crear nuevo producto: Laptop Dell"}
{"@timestamp":"2026-05-11T15:30:36.6838525-05:00","@version":"1","level":"INFO","logger_name":"com.sistema.facturacion2.service.ProductService","thread_name":"main","message":"producto creado exitosamente con ID: 1"}
{"@timestamp":"2026-05-11T15:30:37.7968624-05:00","@version":"1","level":"INFO","logger_name":"org.springframework.orm.jpa.LocalContainerEntityManagerFactoryBean","thread_name":"SpringApplicationShutdownHook","message":"Closing JPA EntityManagerFactory for persistence unit 'default'"}
{"@timestamp":"2026-05-11T15:30:37.8048648-05:00","@version":"1","level":"INFO","logger_name":"com.zaxxer.hikari.HikariDataSource","thread_name":"SpringApplicationShutdownHook","message":"HikariPool-1 - Shutdown initiated..."}
{"@timestamp":"2026-05-11T15:30:37.8368641-05:00","@version":"1","level":"INFO","logger_name":"com.zaxxer.hikari.HikariDataSource","thread_name":"SpringApplicationShutdownHook","message":"HikariPool-1 - Shutdown completed."}
{"@timestamp":"2026-05-11T15:51:27.5765071-05:00","@version":"1","level":"WARN","logger_name":"com.zaxxer.hikari.pool.HikariPool","thread_name":"HikariPool-6:housekeeper","message":"HikariPool-6 - Thread starvation or clock leap detected (housekeeper delta=1m17s561ms315µs200ns)."}
{"@timestamp":"2026-05-11T19:30:04.6639284-05:00","@version":"1","level":"WARN","logger_name":"com.zaxxer.hikari.pool.HikariPool","thread_name":"HikariPool-6:housekeeper","message":"HikariPool-6 - Thread starvation or clock leap detected (housekeeper delta=3h1m37s40ms848µs400ns)."}
{"@timestamp":"2026-05-11T22:42:02.8660031-05:00","@version":"1","level":"WARN","logger_name":"com.zaxxer.hikari.pool.HikariPool","thread_name":"HikariPool-6:housekeeper","message":"HikariPool-6 - Thread starvation or clock leap detected (housekeeper delta=3h1m58s235ms680µs800ns)."}
{"@timestamp":"2026-05-11T22:55:27.3752595-05:00","@version":"1","level":"WARN","logger_name":"com.zaxxer.hikari.pool.HikariPool","thread_name":"HikariPool-6:housekeeper","message":"HikariPool-6 - Thread starvation or clock leap detected (housekeeper delta=3m54s559ms804µs800ns)."}
{"@timestamp":"2026-05-11T23:38:22.3682759-05:00","@version":"1","level":"INFO","logger_name":"org.springframework.boot.tomcat.GracefulShutdown","thread_name":"SpringApplicationShutdownHook","message":"Commencing graceful shutdown. Waiting for active requests to complete"}
{"@timestamp":"2026-05-11T23:38:22.3942512-05:00","@version":"1","level":"INFO","logger_name":"org.springframework.boot.tomcat.GracefulShutdown","thread_name":"tomcat-shutdown","message":"Graceful shutdown complete"}
{"@timestamp":"2026-05-11T23:38:22.4072952-05:00","@version":"1","level":"INFO","logger_name":"org.springframework.orm.jpa.LocalContainerEntityManagerFactoryBean","thread_name":"SpringApplicationShutdownHook","message":"Closing JPA EntityManagerFactory for persistence unit 'default'"}
{"@timestamp":"2026-05-11T23:38:22.4122985-05:00","@version":"1","level":"INFO","logger_name":"com.zaxxer.hikari.HikariDataSource","thread_name":"SpringApplicationShutdownHook","message":"HikariPool-6 - Shutdown initiated..."}
{"@timestamp":"2026-05-11T23:38:22.4182944-05:00","@version":"1","level":"INFO","logger_name":"com.zaxxer.hikari.HikariDataSource","thread_name":"SpringApplicationShutdownHook","message":"HikariPool-6 - Shutdown completed."}
